Experiment,Treatment,Tray,Date,DOL,RepDay,Day,Individual,Code,weight_mg,PupalShellLength,PupalShellWidth,isolationDate,isolationTime,eclosionDate,eclosionTime,TotalPupalDevTime,Sex,Sex_binary,Ovary date extraction,Ovary_weight_mg,Ovary_singular_weight_mg,OvaryCorrPupalSize
R2,Large,8,14/02/2022,20DOL,16,,73,L73,122.34,NA,NA,14/02/2022,11:00,22/02/2022,10:00,191,M,1,NA,NA,NA,NA
R2,Large,8,14/02/2022,20DOL,16,,75,L75,130.84,NA,NA,14/02/2022,11:00,22/02/2022,10:00,191,M,1,NA,NA,NA,NA
R2,Large,8,14/02/2022,20DOL,16,,77,L77,136.21,NA,NA,14/02/2022,11:00,22/02/2022,10:00,191,M,1,NA,NA,NA,NA
R2,Large,8,14/02/2022,20DOL,16,,79,L79,125.36,NA,NA,14/02/2022,11:00,22/02/2022,10:00,191,M,1,NA,NA,NA,NA
R1,Control,2,08/11/2021,21DOL,,DAY17,3,C.D4.T2.3,119.2,NA,NA,08/11/2021,10:00,15/11/2021,09:00,167,F,1,,0.3,0.15,0.002516779
R1,Large,6,08/11/2021,21DOL,,DAY17,1,L.D5.T3.1,165.7,NA,NA,08/11/2021,10:00,16/11/2021,09:00,191,F,1,,1,0.5,0.006035003
R1,Control,1,NA,NA,,NA,2,C.EXTRA.2,NA,NA,NA,NA,NA,NA,NA,NA,F,1,,1,0.5,NA
R2,Control,7,14/02/2022,20DOL,16,,53,C53,91.07,NA,NA,14/02/2022,11:00,21/02/2022,12:30,169.5,F,1,,1.01,0.505,0.01109037
R2,Control,7,13/02/2022,19DOL,15,,32,C32,91.97,NA,NA,13/02/2022,11:00,20/02/2022,11:00,168,F,1,,1.12,0.56,0.012177884
R1,Control,2,08/11/2021,21DOL,,DAY17,5,C.D4.T2.5,100,NA,NA,08/11/2021,10:00,15/11/2021,09:00,167,F,1,,1.2,0.6,0.012
R1,Control,2,08/11/2021,21DOL,,DAY17,4,C.D4.T2.4,97.5,NA,NA,08/11/2021,10:00,16/11/2021,09:00,191,F,1,,1.4,0.7,0.014358974
R1,Control,2,07/11/2021,20DOL,,DAY16,1,C.D3.T2.1,104.5,NA,NA,07/11/2021,10:00,15/11/2021,09:00,191,F,1,,1.5,0.75,0.014354067
R1,Control,3,08/11/2021,21DOL,,DAY17,4,C.D4.T3.4,105.6,NA,NA,08/11/2021,10:00,16/11/2021,09:00,191,F,1,,1.5,0.75,0.014204545
R2,Control,7,13/02/2022,19DOL,15,,19,C19,86.54,NA,NA,13/02/2022,11:00,21/02/2022,10:00,191,F,1,,1.52,0.76,0.017564132
R2,Large,8,13/02/2022,19DOL,15,,35,L35,132.06,NA,NA,13/02/2022,11:00,20/02/2022,11:00,168,F,1,,1.55,0.775,0.011737089
R3,Control,10,05/07/2022,19DOL,15,,82,C82,116.4,14.52,4.49,05/07/2022,12:00,13/07/2022,08:20,188,F,1,15/07/2022,1.6,0.8,0.013745704
R1,Control,1,07/11/2021,20DOL,,DAY16,1,C.D3.T1.1,111.9,NA,NA,07/11/2021,10:00,15/11/2021,09:00,191,F,1,,1.7,0.85,0.015192136
R1,Control,3,08/11/2021,21DOL,,DAY17,1,C.D4.T3.1,110.7,NA,NA,08/11/2021,10:00,16/11/2021,09:00,191,F,1,,1.7,0.85,0.01535682
R1,Control,1,NA,NA,,NA,3,C.EXTRA.3,NA,NA,NA,NA,NA,NA,NA,NA,F,1,,1.7,0.85,NA
R1,Control,3,08/11/2021,21DOL,,DAY17,9,C.D4.T3.9,128.1,NA,NA,08/11/2021,10:00,16/11/2021,12:32,194,F,1,,1.8,0.9,0.014051522
R1,Control,1,NA,NA,,NA,4,C.EXTRA.4,NA,NA,NA,NA,NA,NA,NA,NA,F,1,,1.8,0.9,NA
R2,Control,7,13/02/2022,19DOL,15,,13,C13,72.32,NA,NA,13/02/2022,11:00,20/02/2022,11:00,168,F,1,,1.87,0.935,0.025857301
R2,Large,8,14/02/2022,20DOL,16,,74,L74,126.91,NA,NA,14/02/2022,11:00,21/02/2022,10:00,167,F,1,,1.89,0.945,0.014892443
R1,Large,5,07/11/2021,20DOL,,DAY16,7,L.D4.T2.7,135.2,NA,NA,07/11/2021,10:00,15/11/2021,09:00,191,F,1,,1.9,0.95,0.014053254
R1,Control,3,07/11/2021,20DOL,,DAY16,2,C.D3.T3.2,85.8,NA,NA,07/11/2021,10:00,15/11/2021,09:00,191,F,1,,1.9,0.95,0.022144522
R2,Large,8,14/02/2022,20DOL,16,,78,L78,143.81,NA,NA,14/02/2022,11:00,20/02/2022,11:00,144,F,1,,2.05,1.025,0.01425492
R1,Control,1,08/11/2021,21DOL,,DAY17,3,C.D4.T1.3,101.7,NA,NA,08/11/2021,10:00,15/11/2021,09:00,167,F,1,,2.1,1.05,0.020648968
R1,Large,5,08/11/2021,21DOL,,DAY17,1,L.D5.T2.1,152.1,NA,NA,08/11/2021,10:00,16/11/2021,09:00,191,F,1,,2.1,1.05,0.013806706
R2,Large,8,13/02/2022,19DOL,15,,20,L20,146.57,NA,NA,13/02/2022,11:00,20/02/2022,11:00,168,F,1,,2.14,1.07,0.014600532
R1,Control,1,07/11/2021,20DOL,,DAY16,3,C.D3.T1.3,98.6,NA,NA,07/11/2021,10:00,15/11/2021,09:00,191,F,1,,2.2,1.1,0.022312373
R1,Control,1,NA,NA,,NA,6,C.EXTRA.6,NA,NA,NA,NA,NA,NA,NA,NA,F,1,,2.2,1.1,NA
R2,Large,8,13/02/2022,19DOL,15,,16,L16,150.13,NA,NA,13/02/2022,11:00,20/02/2022,11:00,168,F,1,,2.23,1.115,0.014853793
R2,Large,8,13/02/2022,19DOL,15,,58,L58,119.73,NA,NA,13/02/2022,11:00,21/02/2022,10:00,191,F,1,,2.29,1.145,0.019126368
R1,Control,1,08/11/2021,21DOL,,DAY17,5,C.D4.T1.5,108.5,NA,NA,08/11/2021,10:00,15/11/2021,09:00,167,F,1,,2.4,1.2,0.022119816
R1,Control,3,08/11/2021,21DOL,,DAY17,3,C.D4.T3.3,120,NA,NA,08/11/2021,10:00,16/11/2021,09:00,191,F,1,,2.5,1.25,0.020833333
R2,Large,8,13/02/2022,19DOL,15,,18,L18,123.4,NA,NA,13/02/2022,11:00,20/02/2022,11:00,168,F,1,,2.72,1.36,0.022042139
R2,Large,8,13/02/2022,19DOL,15,,65,L65,112.16,NA,NA,13/02/2022,11:00,21/02/2022,10:00,191,F,1,,2.77,1.385,0.024696862
R1,Large,5,08/11/2021,21DOL,,DAY17,2,L.D5.T2.2,157.6,NA,NA,08/11/2021,10:00,15/11/2021,09:00,167,F,1,,2.8,1.4,0.017766497
R1,Control,1,NA,NA,,NA,5,C.EXTRA.5,NA,NA,NA,NA,NA,NA,NA,NA,F,1,,2.8,1.4,NA
R3,Control,10,04/07/2022,18DOL,14,,31,C31,79.2,12.87,3.81,04/07/2022,16:00,11/07/2022,11:00,163,F,1,13/07/2022,2.8,1.4,0.035353535
R1,Large,5,08/11/2021,21DOL,,DAY17,6,L.D5.T2.6,151.7,NA,NA,08/11/2021,10:00,15/11/2021,09:00,167,F,1,,2.9,1.45,0.019116678
R2,Large,8,13/02/2022,19DOL,15,,52,L52,143.61,NA,NA,13/02/2022,11:00,21/02/2022,10:00,191,F,1,,3.12,1.56,0.021725507
R2,Large,8,13/02/2022,19DOL,15,,24,L24,141.01,NA,NA,13/02/2022,11:00,20/02/2022,11:00,168,F,1,,3.13,1.565,0.022197007
R1,Control,1,07/11/2021,20DOL,,DAY16,6,C.D3.T1.6,113.5,NA,NA,07/11/2021,10:00,15/11/2021,09:00,191,F,1,,3.2,1.6,0.028193833
R1,Large,4,06/11/2021,19DOL,,DAY15,5,L.D3.T1.5,148.2,NA,NA,06/11/2021,14:00-14:40,15/11/2021,09:00,211,F,1,,3.3,1.65,0.022267206
R3,Control,9,04/07/2022,18DOL,14,,19,C19,97.7,13.59,4.63,04/07/2022,16:00,11/07/2022,17:30,169,F,1,13/07/2022,3.3,1.65,0.033776868
R3,Control,12,04/07/2022,18DOL,14,,61,C61,107.2,14.25,4.41,04/07/2022,16:00,12/07/2022,07:30,183,F,1,14/07/2022,3.3,1.65,0.030783582
R3,Large,13,10/07/2022,18DOL,14,,9,L9,142.7,16.5,4.93,10/07/2022,11:30,18/07/2022,08:20,188,F,1,20/07/2022,3.3,1.65,0.023125438
R2,Control,7,13/02/2022,19DOL,15,,45,C45,91.49,NA,NA,13/02/2022,11:00,21/02/2022,10:00,191,F,1,,3.31,1.655,0.036178817
R3,Control,9,04/07/2022,18DOL,14,,22,C22,117.5,14.29,4.89,04/07/2022,16:00,12/07/2022,07:30,183,F,1,14/07/2022,3.4,1.7,0.02893617
R2,Large,8,13/02/2022,19DOL,15,,34,L34,125.53,NA,NA,13/02/2022,11:00,21/02/2022,10:00,191,F,1,,3.57,1.785,0.028439417
R1,Large,5,07/11/2021,20DOL,,DAY16,3,L.D4.T2.3,162.6,NA,NA,07/11/2021,10:00,16/11/2021,09:00,215,F,1,,3.6,1.8,0.022140221
R1,Large,4,08/11/2021,21DOL,,DAY17,3,L.D5.T1.3,190.2,NA,NA,08/11/2021,10:00,15/11/2021,09:00,167,F,1,,3.7,1.85,0.019453207
R2,Control,7,14/02/2022,20DOL,16,,55,C55,99.99,NA,NA,14/02/2022,11:00,21/02/2022,10:00,167,F,1,,3.7,1.85,0.0370037
R3,Large,13,11/07/2022,18DOL,14,,71,L71,109.7,14.53,4.64,11/07/2022,11:00,19/07/2022,08:10,189,F,1,21/07/2022,3.7,1.85,0.03372835
R1,Large,4,07/11/2021,20DOL,,DAY16,10,L.D4.T1.10,120.6,NA,NA,07/11/2021,10:00,15/11/2021,09:00,191,F,1,,3.8,1.9,0.031509121
R1,Control,1,NA,NA,,NA,1,C.EXTRA.1,NA,NA,NA,NA,NA,NA,NA,NA,F,1,,3.8,1.9,NA
R3,Control,9,04/07/2022,18DOL,14,,16,C16,106.7,14.16,4.11,04/07/2022,16:00,11/07/2022,11:00,163,F,1,13/07/2022,3.8,1.9,0.035613871
R3,Control,9,04/07/2022,18DOL,14,,21,C21,108.4,13.71,4.52,04/07/2022,16:00,12/07/2022,07:30,183,F,1,14/07/2022,3.8,1.9,0.035055351
R3,Control,10,04/07/2022,18DOL,14,,45,C45,105,13.98,4.49,04/07/2022,16:00,12/07/2022,07:30,183,F,1,14/07/2022,3.8,1.9,0.036190476
R1,Large,4,07/11/2021,20DOL,,DAY16,5,L.D4.T1.5,183.8,NA,NA,07/11/2021,10:00,15/11/2021,09:00,191,F,1,,3.9,1.95,0.021218716
R1,Large,4,06/11/2021,19DOL,,DAY15,3,L.D3.T1.3,193.3,NA,NA,06/11/2021,14:00-14:40,15/11/2021,09:00,211,F,1,,3.9,1.95,0.020175892
R3,Control,12,05/07/2022,19DOL,15,,100,C100,86.8,13.66,4.35,05/07/2022,12:00,12/07/2022,19:50,175,F,1,14/07/2022,3.9,1.95,0.044930876
R3,Large,13,11/07/2022,18DOL,14,,70,L70,99,14.75,4.56,11/07/2022,11:00,18/07/2022,08:20,165,F,1,20/07/2022,3.9,1.95,0.039393939
R3,Control,11,05/07/2022,19DOL,15,,92,C92,131.7,15.52,4.86,05/07/2022,12:00,11/07/2022,11:00,143,F,1,13/07/2022,4,2,0.030372058
R3,Control,12,03/07/2022,17DOL,13,,5,C5,104.3,13.9,4.4,03/07/2022,16:00,12/07/2022,07:30,207,F,1,14/07/2022,4,2,0.038350911
R1,Large,4,08/11/2021,21DOL,,DAY17,7,L.D5.T1.7,158.1,NA,NA,08/11/2021,10:00,16/11/2021,09:00,191,F,1,,4.1,2.05,0.025932954
R3,Control,12,04/07/2022,18DOL,14,,59,C59,106.2,14.39,4.38,04/07/2022,16:00,11/07/2022,11:00,163,F,1,13/07/2022,4.1,2.05,0.038606403
R3,Large,13,10/07/2022,18DOL,14,,38,L38,118.8,15.68,4.55,10/07/2022,11:30,18/07/2022,08:20,188,F,1,20/07/2022,4.1,2.05,0.034511785
R3,Control,9,04/07/2022,18DOL,14,,17,C17,102.6,14.28,4.47,04/07/2022,16:00,12/07/2022,07:30,183,F,1,14/07/2022,4.3,2.15,0.041910331
R2,Large,8,13/02/2022,19DOL,15,,67,L67,103.35,NA,NA,13/02/2022,11:00,21/02/2022,10:00,191,F,1,,4.36,2.18,0.042186744
R2,Large,8,14/02/2022,20DOL,16,,69,L69,141.36,NA,NA,14/02/2022,11:00,22/02/2022,10:00,191,F,1,,4.4,2.2,0.031126203
R3,Large,13,10/07/2022,18DOL,14,,11,L11,113.2,15.26,4.57,10/07/2022,11:30,16/07/2022,08:30,141,F,1,18/07/2022,4.4,2.2,0.038869258
R3,Large,13,11/07/2022,18DOL,14,,77,L77,98.2,14.33,4.23,11/07/2022,11:00,18/07/2022,08:20,165,F,1,20/07/2022,4.4,2.2,0.044806517
R1,Large,4,07/11/2021,20DOL,,DAY16,7,L.D4.T1.7,159.3,NA,NA,07/11/2021,10:00,15/11/2021,09:00,191,F,1,,4.6,2.3,0.028876334
R1,Large,4,06/11/2021,19DOL,,DAY15,1,L.D3.T1.1,184.2,NA,NA,06/11/2021,14:00-14:40,15/11/2021,09:00,211,F,1,,4.6,2.3,0.024972856
R3,Control,9,05/07/2022,19DOL,15,,76,C76,111.2,15.32,4.62,05/07/2022,12:00,11/07/2022,11:00,143,F,1,13/07/2022,4.6,2.3,0.041366906
R3,Large,13,11/07/2022,18DOL,14,,93,L93,106.9,15.17,4.79,11/07/2022,11:00,18/07/2022,08:20,165,F,1,20/07/2022,4.6,2.3,0.04303087
R3,Control,12,04/07/2022,18DOL,14,,62,C62,123.8,13.66,4.54,04/07/2022,16:00,12/07/2022,07:30,183,F,1,14/07/2022,4.7,2.35,0.037964459
R3,Control,9,04/07/2022,18DOL,14,,15,C15,100.8,13.85,4.39,04/07/2022,16:00,11/07/2022,18:30,170,F,1,13/07/2022,4.8,2.4,0.047619048
R3,Control,10,04/07/2022,18DOL,14,,32,C32,116.7,14.8,4.47,04/07/2022,16:00,11/07/2022,11:00,163,F,1,13/07/2022,4.8,2.4,0.041131105
R3,Control,10,04/07/2022,18DOL,14,,36,C36,104.3,14.3,4.48,04/07/2022,16:00,11/07/2022,11:00,163,F,1,13/07/2022,4.8,2.4,0.046021093
R1,Large,5,06/11/2021,19DOL,,DAY15,1,L.D3.T2.1,168.5,NA,NA,06/11/2021,14:00-14:40,15/11/2021,09:00,211,F,1,,4.9,2.45,0.029080119
R3,Control,9,05/07/2022,19DOL,15,,75,C75,115.9,15.23,4.74,05/07/2022,12:00,12/07/2022,12:50,168,F,1,14/07/2022,5,2.5,0.043140638
R1,Large,6,05/11/2021,18DOL,,DAY14,12,L.D2.T3.12,112.6,NA,NA,05/11/2021,09-Nov,15/11/2021,09:00,240,F,1,,5.4,2.7,0.047957371
R3,Control,9,05/07/2022,19DOL,15,,70,C70,94.8,13.82,4.28,05/07/2022,12:00,12/07/2022,07:30,163,F,1,14/07/2022,5.4,2.7,0.056962025
R3,Control,12,03/07/2022,17DOL,13,,2,C2,110.5,14.07,4.52,03/07/2022,16:00,11/07/2022,11:00,187,F,1,13/07/2022,5.4,2.7,0.048868778
R3,Large,13,10/07/2022,18DOL,14,,17,L17,107.6,14.61,4.47,10/07/2022,11:30,18/07/2022,08:20,188,F,1,20/07/2022,5.4,2.7,0.050185874
R1,Large,5,08/11/2021,21DOL,,DAY17,10,L.D5.T2.10,159.2,NA,NA,08/11/2021,10:00,16/11/2021,09:00,191,F,1,,5.5,2.75,0.034547739
R1,Large,6,05/11/2021,18DOL,,DAY14,9,L.D2.T3.9,167.1,NA,NA,05/11/2021,09-Nov,15/11/2021,09:00,240,F,1,,5.5,2.75,0.032914423
R3,Control,12,03/07/2022,17DOL,13,,7,C7,97.1,14.68,4.24,03/07/2022,16:00,11/07/2022,11:00,187,F,1,13/07/2022,5.8,2.9,0.059732235
R3,Control,10,04/07/2022,18DOL,14,,39,C39,109.8,14.84,4.56,04/07/2022,16:00,11/07/2022,13:40,165,F,1,13/07/2022,5.9,2.95,0.053734062
R3,Control,12,03/07/2022,17DOL,13,,11,C11,112.1,14.91,4.86,03/07/2022,16:00,11/07/2022,11:00,187,F,1,13/07/2022,6.1,3.05,0.0544157
R3,Large,13,11/07/2022,18DOL,14,,60,L60,107.7,14.64,5.05,11/07/2022,11:00,19/07/2022,08:10,189,F,1,21/07/2022,6.2,3.1,0.057567317
R1,Large,5,07/11/2021,20DOL,,DAY16,10,L.D4.T2.10,168.4,NA,NA,07/11/2021,10:00,13/11/2021,12:00,146,F,1,,6.3,3.15,0.037410926
R3,Control,10,04/07/2022,18DOL,14,,47,C47,85,12.78,3.97,04/07/2022,16:00,11/07/2022,11:00,163,F,1,13/07/2022,6.5,3.25,0.076470588
R3,Control,10,04/07/2022,18DOL,14,,33,C33,109.6,14.01,4.7,04/07/2022,16:00,11/07/2022,13:40,165,F,1,13/07/2022,6.6,3.3,0.060218978
R3,Control,10,04/07/2022,18DOL,14,,46,C46,113.9,14.46,4.44,04/07/2022,16:00,11/07/2022,11:00,163,F,1,13/07/2022,6.6,3.3,0.057945566
R3,Large,13,11/07/2022,18DOL,14,,72,L72,132.4,15.31,5.14,11/07/2022,11:00,18/07/2022,08:20,165,F,1,20/07/2022,6.8,3.4,0.051359517
R3,Control,12,03/07/2022,17DOL,13,,1,C1,122.4,15.21,4.05,03/07/2022,16:00,11/07/2022,17:30,193,F,1,13/07/2022,7.3,3.65,0.059640523
R1,Large,6,08/11/2021,21DOL,,DAY17,6,L.D5.T3.6,172.1,NA,NA,08/11/2021,10:00,13/11/2021,12:00,146,F,1,,8.3,4.15,0.048227775
R3,Control,9,05/07/2022,19DOL,15,,77,C77,127.9,15.73,4.74,05/07/2022,12:00,12/07/2022,07:30,163,F,1,14/07/2022,8.4,4.2,0.06567631
R3,Control,11,05/07/2022,19DOL,15,,91,C91,113.2,14.71,4.55,05/07/2022,12:00,12/07/2022,07:30,163,F,1,14/07/2022,9.6,4.8,0.084805654
R3,Control,12,05/07/2022,19DOL,15,,96,C96,142.1,16.83,4.48,05/07/2022,12:00,13/07/2022,16:40,196,F,1,15/07/2022,15.6,7.8,0.109781844
R1,Large,4,08/11/2021,21DOL,,DAY17,2,L.D5.T1.2,111.4,NA,NA,08/11/2021,10:00,11/11/2021,14:00,76,M,0,,NA,NA,NA
R1,Large,6,08/11/2021,21DOL,,DAY17,2,L.D5.T3.2,127.2,NA,NA,08/11/2021,10:00,11/11/2021,14:00,76,M,0,,NA,NA,NA
R1,Large,6,08/11/2021,21DOL,,DAY17,9,L.D5.T3.9,128.6,NA,NA,08/11/2021,10:00,12/11/2021,09:00,95,F,1,,NA,NA,NA
R1,Large,5,07/11/2021,20DOL,,DAY16,1,L.D4.T2.1,89.9,NA,NA,07/11/2021,10:00,11/11/2021,14:00,100,M,0,,NA,NA,NA
R1,Control,3,07/11/2021,20DOL,,DAY16,7,C.D3.T3.7,81.6,NA,NA,07/11/2021,10:00,11/11/2021,14:00,100,M,0,,NA,NA,NA
R1,Control,1,07/11/2021,20DOL,,DAY16,4,C.D3.T1.4,90.9,NA,NA,07/11/2021,10:00,12/11/2021,09:00,119,M,0,,NA,NA,NA
R1,Large,4,07/11/2021,20DOL,,DAY16,4,L.D4.T1.4,86.7,NA,NA,07/11/2021,10:00,12/11/2021,09:00,119,M,0,,NA,NA,NA
R1,Large,4,07/11/2021,20DOL,,DAY16,6,L.D4.T1.6,118.4,NA,NA,07/11/2021,10:00,12/11/2021,09:00,119,M,0,,NA,NA,NA
R1,Control,2,07/11/2021,20DOL,,DAY16,7,C.D3.T2.7,79.3,NA,NA,07/11/2021,10:00,12/11/2021,09:00,119,M,0,,NA,NA,NA
R1,Large,6,06/11/2021,19DOL,,DAY15,4,L.D3.T3.4,116.9,NA,NA,06/11/2021,14:00-14:40,11/11/2021,14:00,120,M,0,,NA,NA,NA
R1,Large,6,06/11/2021,19DOL,,DAY15,9,L.D3.T3.9,114.3,NA,NA,06/11/2021,14:00-14:40,11/11/2021,14:00,120,M,0,,NA,NA,NA
R1,Large,4,08/11/2021,21DOL,,DAY17,6,L.D5.T1.6,117.9,NA,NA,08/11/2021,10:00,13/11/2021,12:00,122,M,0,,NA,NA,NA
R1,Large,5,08/11/2021,21DOL,,DAY17,8,L.D5.T2.8,135.4,NA,NA,08/11/2021,10:00,13/11/2021,12:00,122,M,0,,NA,NA,NA
R1,Control,2,07/11/2021,20DOL,,DAY16,2,C.D3.T2.2,94.5,NA,NA,07/11/2021,10:00,12/11/2021,14:42,124,M,0,,NA,NA,NA
R1,Control,2,07/11/2021,20DOL,,DAY16,5,C.D3.T2.5,60.4,NA,NA,07/11/2021,10:00,12/11/2021,14:42,124,M,0,,NA,NA,NA
R1,Control,1,07/11/2021,20DOL,,DAY16,10,C.D3.T1.10,91.3,NA,NA,07/11/2021,10:00,12/11/2021,16:25,126,M,0,,NA,NA,NA
R1,Large,5,06/11/2021,19DOL,,DAY15,4,L.D3.T2.4,120.7,NA,NA,06/11/2021,14:00-14:40,12/11/2021,09:00,139,M,0,,NA,NA,NA
R1,Large,5,06/11/2021,19DOL,,DAY15,6,L.D3.T2.6,77.2,NA,NA,06/11/2021,14:00-14:40,12/11/2021,09:00,139,M,NA,,NA,NA,NA
R1,Large,6,06/11/2021,19DOL,,DAY15,10,L.D3.T3.10,109.8,NA,NA,06/11/2021,14:00-14:40,12/11/2021,09:00,139,M,0,,NA,NA,NA
R1,Control,1,06/11/2021,19DOL,,DAY15,3,C.D2.T1.3,79.2,NA,NA,06/11/2021,12:25-1:30,12/11/2021,09:00,140,M,0,,NA,NA,NA
R1,Control,2,06/11/2021,19DOL,,DAY15,2,C.D2.T2.2,92.6,NA,NA,06/11/2021,12:25-1:30,12/11/2021,09:00,140,M,NA,,NA,NA,NA
R1,Control,2,06/11/2021,19DOL,,DAY15,3,C.D2.T2.3,96.7,NA,NA,06/11/2021,12:25-1:30,12/11/2021,09:00,140,M,0,,NA,NA,NA
R1,Control,3,06/11/2021,19DOL,,DAY15,1,C.D2.T3.1,80.9,NA,NA,06/11/2021,12:25-1:30,12/11/2021,09:00,140,M,0,,NA,NA,NA
R1,Control,3,06/11/2021,19DOL,,DAY15,2,C.D2.T3.2,109,NA,NA,06/11/2021,12:25-1:30,12/11/2021,09:00,140,M,0,,NA,NA,NA
R1,Control,3,06/11/2021,19DOL,,DAY15,9,C.D2.T3.9,93.2,NA,NA,06/11/2021,12:25-1:30,12/11/2021,09:00,140,M,0,,NA,NA,NA
R1,Large,4,06/11/2021,19DOL,,DAY15,7,L.D3.T1.7,100.9,NA,NA,06/11/2021,14:00-14:40,12/11/2021,09:00,143,M,0,,NA,NA,NA
R1,Control,1,06/11/2021,19DOL,,DAY15,2,C.D2.T1.2,95.4,NA,NA,06/11/2021,12:25-1:30,12/11/2021,14:42,146,M,0,,NA,NA,NA
R1,Control,1,06/11/2021,19DOL,,DAY15,9,C.D2.T1.9,107.2,NA,NA,06/11/2021,12:25-1:30,12/11/2021,14:42,146,M,0,,NA,NA,NA
R1,Control,2,07/11/2021,20DOL,,DAY16,3,C.D3.T2.3,92.8,NA,NA,07/11/2021,10:00,13/11/2021,12:00,146,M,0,,NA,NA,NA
R1,Large,5,07/11/2021,20DOL,,DAY16,6,L.D4.T2.6,111.3,NA,NA,07/11/2021,10:00,13/11/2021,12:00,146,M,0,,NA,NA,NA
R1,Control,3,07/11/2021,20DOL,,DAY16,3,C.D3.T3.3,87.4,NA,NA,07/11/2021,10:00,13/11/2021,12:00,146,M,0,,NA,NA,NA
R1,Control,3,07/11/2021,20DOL,,DAY16,5,C.D3.T3.5,83.9,NA,NA,07/11/2021,10:00,13/11/2021,12:00,146,M,0,,NA,NA,NA
R1,Large,6,08/11/2021,21DOL,,DAY17,3,L.D5.T3.3,138.9,NA,NA,08/11/2021,10:00,13/11/2021,12:00,146,M,0,,NA,NA,NA
R1,Large,6,08/11/2021,21DOL,,DAY17,7,L.D5.T3.7,108.4,NA,NA,08/11/2021,10:00,13/11/2021,12:00,146,M,0,,NA,NA,NA
R1,Large,6,08/11/2021,21DOL,,DAY17,8,L.D5.T3.8,127.9,NA,NA,08/11/2021,10:00,13/11/2021,12:00,146,M,0,,NA,NA,NA
R1,Control,1,05/11/2021,18DOL,,DAY14,4,C.D1.T1.4,92.4,NA,NA,05/11/2021,09-Nov,11/11/2021,14:00,149,M,0,,NA,NA,NA
R1,Large,5,05/11/2021,18DOL,,DAY14,11,L.D2.T2.11,136,NA,NA,05/11/2021,09-Nov,11/11/2021,14:00,149,M,0,,NA,NA,NA
R1,Large,5,05/11/2021,18DOL,,DAY14,2,L.D2.T2.2,98.8,NA,NA,05/11/2021,09-Nov,11/11/2021,14:00,149,M,0,,NA,NA,NA
R1,Large,5,05/11/2021,18DOL,,DAY14,7,L.D2.T2.7,120.7,NA,NA,05/11/2021,09-Nov,11/11/2021,14:00,149,M,NA,,NA,NA,NA
R1,Large,5,05/11/2021,18DOL,,DAY14,8,L.D2.T2.8,138,NA,NA,05/11/2021,09-Nov,11/11/2021,14:00,149,M,0,,NA,NA,NA
R1,Control,3,05/11/2021,18DOL,,DAY14,6,C.D1.T3.6,99.1,NA,NA,05/11/2021,09-Nov,11/11/2021,14:00,149,F,1,,NA,NA,NA
R1,Control,3,05/11/2021,18DOL,,DAY14,7,C.D1.T3.7,88.6,NA,NA,05/11/2021,09-Nov,11/11/2021,14:00,149,M,0,,NA,NA,NA
R1,Large,6,05/11/2021,18DOL,,DAY14,11,L.D2.T3.11,167.1,NA,NA,05/11/2021,09-Nov,11/11/2021,14:00,149,M,0,,NA,NA,NA
R1,Large,6,05/11/2021,18DOL,,DAY14,19,L.D2.T3.19,114.4,NA,NA,05/11/2021,09-Nov,11/11/2021,14:00,149,F,1,,NA,NA,NA
R1,Large,4,06/11/2021,19DOL,,DAY15,10,L.D3.T1.10,182.6,NA,NA,06/11/2021,14:00-14:40,13/11/2021,12:00,166,F,1,,NA,NA,NA
R1,Large,4,06/11/2021,19DOL,,DAY15,2,L.D3.T1.2,119.6,NA,NA,06/11/2021,14:00-14:40,13/11/2021,12:00,166,M,0,,NA,NA,NA
R1,Large,4,06/11/2021,19DOL,,DAY15,4,L.D3.T1.4,147.3,NA,NA,06/11/2021,14:00-14:40,13/11/2021,12:00,166,F,1,,NA,NA,NA
R1,Large,4,06/11/2021,19DOL,,DAY15,6,L.D3.T1.6,112.6,NA,NA,06/11/2021,14:00-14:40,13/11/2021,12:00,166,M,0,,NA,NA,NA
R1,Large,4,06/11/2021,19DOL,,DAY15,9,L.D3.T1.9,126.5,NA,NA,06/11/2021,14:00-14:40,13/11/2021,12:00,166,M,0,,NA,NA,NA
R1,Large,5,06/11/2021,19DOL,,DAY15,10,L.D3.T2.10,102.1,NA,NA,06/11/2021,14:00-14:40,13/11/2021,12:00,166,M,0,,NA,NA,NA
R1,Large,5,06/11/2021,19DOL,,DAY15,3,L.D3.T2.3,139,NA,NA,06/11/2021,14:00-14:40,13/11/2021,12:00,166,M,0,,NA,NA,NA
R1,Large,5,06/11/2021,19DOL,,DAY15,5,L.D3.T2.5,133,NA,NA,06/11/2021,14:00-14:40,13/11/2021,12:00,166,M,0,,NA,NA,NA
R1,Large,5,06/11/2021,19DOL,,DAY15,7,L.D3.T2.7,143.4,NA,NA,06/11/2021,14:00-14:40,13/11/2021,12:00,166,M,0,,NA,NA,NA
R1,Large,6,06/11/2021,19DOL,,DAY15,1,L.D3.T3.1,169.9,NA,NA,06/11/2021,14:00-14:40,13/11/2021,12:00,166,F,NA,,NA,NA,NA
R1,Large,6,06/11/2021,19DOL,,DAY15,5,L.D3.T3.5,202.3,NA,NA,06/11/2021,14:00-14:40,13/11/2021,12:00,166,F,1,,NA,NA,NA
R1,Large,6,06/11/2021,19DOL,,DAY15,6,L.D3.T3.6,101.8,NA,NA,06/11/2021,14:00-14:40,13/11/2021,12:00,166,M,0,,NA,NA,NA
R1,Large,6,06/11/2021,19DOL,,DAY15,7,L.D3.T3.7,111.5,NA,NA,06/11/2021,14:00-14:40,13/11/2021,12:00,166,M,0,,NA,NA,NA
R1,Large,6,06/11/2021,19DOL,,DAY15,8,L.D3.T3.8,115.1,NA,NA,06/11/2021,14:00-14:40,13/11/2021,12:00,166,M,NA,,NA,NA,NA
R1,Large,6,07/11/2021,20DOL,,DAY16,10,L.D4.T3.10,174.5,NA,NA,07/11/2021,10:00,13/11/2021,12:00,166,M,0,,NA,NA,NA
R1,Control,1,06/11/2021,19DOL,,DAY15,1,C.D2.T1.1,108.8,NA,NA,06/11/2021,12:25-1:30,13/11/2021,12:00,167,M,0,,NA,NA,NA
R1,Control,1,06/11/2021,19DOL,,DAY15,4,C.D2.T1.4,81.7,NA,NA,06/11/2021,12:25-1:30,13/11/2021,12:00,167,M,0,,NA,NA,NA
R1,Control,1,06/11/2021,19DOL,,DAY15,5,C.D2.T1.5,91.2,NA,NA,06/11/2021,12:25-1:30,13/11/2021,12:00,167,M,0,,NA,NA,NA
R1,Control,1,06/11/2021,19DOL,,DAY15,6,C.D2.T1.6,93.9,NA,NA,06/11/2021,12:25-1:30,13/11/2021,12:00,167,F,1,,NA,NA,NA
R1,Control,1,06/11/2021,19DOL,,DAY15,7,C.D2.T1.7,88.1,NA,NA,06/11/2021,12:25-1:30,13/11/2021,12:00,167,M,0,,NA,NA,NA
R1,Control,1,08/11/2021,21DOL,,DAY17,7,C.D4.T1.7,99,NA,NA,08/11/2021,10:00,15/11/2021,09:00,167,M,0,,NA,NA,NA
R1,Control,1,08/11/2021,21DOL,,DAY17,9,C.D4.T1.9,94.6,NA,NA,08/11/2021,10:00,15/11/2021,09:00,167,M,0,,NA,NA,NA
R1,Large,4,08/11/2021,21DOL,,DAY17,10,L.D5.T1.10,96.2,NA,NA,08/11/2021,10:00,15/11/2021,09:00,167,M,0,,NA,NA,NA
R1,Large,4,08/11/2021,21DOL,,DAY17,5,L.D5.T1.5,156.8,NA,NA,08/11/2021,10:00,15/11/2021,09:00,167,F,1,,NA,NA,NA
R1,Large,4,08/11/2021,21DOL,,DAY17,8,L.D5.T1.8,100.7,NA,NA,08/11/2021,10:00,15/11/2021,09:00,167,M,0,,NA,NA,NA
R1,Large,4,08/11/2021,21DOL,,DAY17,9,L.D5.T1.9,101.2,NA,NA,08/11/2021,10:00,15/11/2021,09:00,167,M,0,,NA,NA,NA
R1,Control,2,06/11/2021,19DOL,,DAY15,6,C.D2.T2.6,88,NA,NA,06/11/2021,12:25-1:30,13/11/2021,12:00,167,M,0,,NA,NA,NA
R1,Control,2,06/11/2021,19DOL,,DAY15,7,C.D2.T2.7,87.8,NA,NA,06/11/2021,12:25-1:30,13/11/2021,12:00,167,M,0,,NA,NA,NA
R1,Control,2,06/11/2021,19DOL,,DAY15,8,C.D2.T2.8,97,NA,NA,06/11/2021,12:25-1:30,13/11/2021,12:00,167,M,0,,NA,NA,NA
R1,Control,2,08/11/2021,21DOL,,DAY17,1,C.D4.T2.1,90.4,NA,NA,08/11/2021,10:00,15/11/2021,09:00,167,M,0,,NA,NA,NA
R1,Control,2,08/11/2021,21DOL,,DAY17,10,C.D4.T2.10,71.2,NA,NA,08/11/2021,10:00,15/11/2021,09:00,167,M,0,,NA,NA,NA
R1,Control,2,08/11/2021,21DOL,,DAY17,2,C.D4.T2.2,126.8,NA,NA,08/11/2021,10:00,15/11/2021,09:00,167,M,0,,NA,NA,NA
R1,Control,2,08/11/2021,21DOL,,DAY17,6,C.D4.T2.6,134.3,NA,NA,08/11/2021,10:00,15/11/2021,09:00,167,F,1,,NA,NA,NA
R1,Large,5,08/11/2021,21DOL,,DAY17,3,L.D5.T2.3,106.5,NA,NA,08/11/2021,10:00,15/11/2021,09:00,167,M,0,,NA,NA,NA
R1,Large,5,08/11/2021,21DOL,,DAY17,5,L.D5.T2.5,113.8,NA,NA,08/11/2021,10:00,15/11/2021,09:00,167,F,1,,NA,NA,NA
R1,Large,5,08/11/2021,21DOL,,DAY17,7,L.D5.T2.7,98.6,NA,NA,08/11/2021,10:00,15/11/2021,09:00,167,M,0,,NA,NA,NA
R1,Large,5,08/11/2021,21DOL,,DAY17,9,L.D5.T2.9,123.2,NA,NA,08/11/2021,10:00,15/11/2021,09:00,167,M,0,,NA,NA,NA
R1,Control,3,06/11/2021,19DOL,,DAY15,4,C.D2.T3.4,94.4,NA,NA,06/11/2021,12:25-1:30,13/11/2021,12:00,167,F,1,,NA,NA,NA
R1,Control,3,08/11/2021,21DOL,,DAY17,10,C.D4.T3.10,74.6,NA,NA,08/11/2021,10:00,15/11/2021,09:00,167,M,0,,NA,NA,NA
R1,Control,3,08/11/2021,21DOL,,DAY17,2,C.D4.T3.2,141.4,NA,NA,08/11/2021,10:00,15/11/2021,09:00,167,M,0,,NA,NA,NA
R1,Control,3,08/11/2021,21DOL,,DAY17,5,C.D4.T3.5,91.8,NA,NA,08/11/2021,10:00,15/11/2021,09:00,167,M,0,,NA,NA,NA
R1,Control,3,08/11/2021,21DOL,,DAY17,6,C.D4.T3.6,125.6,NA,NA,08/11/2021,10:00,15/11/2021,09:00,167,M,0,,NA,NA,NA
R1,Control,1,05/11/2021,18DOL,,DAY14,11,C.D1.T1.11,104,NA,NA,05/11/2021,09-Nov,12/11/2021,09:00,168,F,1,,NA,NA,NA
R1,Control,1,05/11/2021,18DOL,,DAY14,18,C.D1.T1.18,100.9,NA,NA,05/11/2021,09-Nov,12/11/2021,09:00,168,F,1,,NA,NA,NA
R1,Control,1,05/11/2021,18DOL,,DAY14,9,C.D1.T1.9,114.4,NA,NA,05/11/2021,09-Nov,12/11/2021,09:00,168,M,0,,NA,NA,NA
R1,Large,4,05/11/2021,18DOL,,DAY14,4,L.D2.T1.4,124.6,NA,NA,05/11/2021,09-Nov,12/11/2021,09:00,168,F,1,,NA,NA,NA
R1,Large,4,05/11/2021,18DOL,,DAY14,6,L.D2.T1.6,110.7,NA,NA,05/11/2021,09-Nov,12/11/2021,09:00,168,M,0,,NA,NA,NA
R1,Large,4,05/11/2021,18DOL,,DAY14,7,L.D2.T1.7,130.7,NA,NA,05/11/2021,09-Nov,12/11/2021,09:00,168,F,1,,NA,NA,NA
R1,Control,2,05/11/2021,18DOL,,DAY14,10,C.D1.T2.10,81.8,NA,NA,05/11/2021,09-Nov,12/11/2021,09:00,168,M,0,,NA,NA,NA
R1,Control,2,05/11/2021,18DOL,,DAY14,4,C.D1.T2.4,98.7,NA,NA,05/11/2021,09-Nov,12/11/2021,09:00,168,M,0,,NA,NA,NA
R1,Control,2,05/11/2021,18DOL,,DAY14,6,C.D1.T2.6,74.9,NA,NA,05/11/2021,09-Nov,12/11/2021,09:00,168,M,0,,NA,NA,NA
R1,Control,2,05/11/2021,18DOL,,DAY14,8,C.D1.T2.8,95.8,NA,NA,05/11/2021,09-Nov,12/11/2021,09:00,168,M,0,,NA,NA,NA
R1,Control,2,05/11/2021,18DOL,,DAY14,9,C.D1.T2.9,76.5,NA,NA,05/11/2021,09-Nov,12/11/2021,09:00,168,M,0,,NA,NA,NA
R1,Large,5,05/11/2021,18DOL,,DAY14,10,L.D2.T2.10,120.6,NA,NA,05/11/2021,09-Nov,12/11/2021,09:00,168,M,0,,NA,NA,NA
R1,Large,5,05/11/2021,18DOL,,DAY14,6,L.D2.T2.6,112.1,NA,NA,05/11/2021,09-Nov,12/11/2021,09:00,168,M,0,,NA,NA,NA
R1,Control,3,05/11/2021,18DOL,,DAY14,10,C.D1.T3.10,95.3,NA,NA,05/11/2021,09-Nov,12/11/2021,09:00,168,M,0,,NA,NA,NA
R1,Control,3,05/11/2021,18DOL,,DAY14,12,C.D1.T3.12,92.9,NA,NA,05/11/2021,09-Nov,12/11/2021,09:00,168,M,0,,NA,NA,NA
R1,Control,3,05/11/2021,18DOL,,DAY14,15,C.D1.T3.15,81.4,NA,NA,05/11/2021,09-Nov,12/11/2021,09:00,168,M,0,,NA,NA,NA
R1,Control,3,05/11/2021,18DOL,,DAY14,17,C.D1.T3.17,75.5,NA,NA,05/11/2021,09-Nov,12/11/2021,09:00,168,M,0,,NA,NA,NA
R1,Control,3,05/11/2021,18DOL,,DAY14,18,C.D1.T3.18,88.5,NA,NA,05/11/2021,09-Nov,12/11/2021,09:00,168,M,0,,NA,NA,NA
R1,Control,3,05/11/2021,18DOL,,DAY14,2,C.D1.T3.2,82.7,NA,NA,05/11/2021,09-Nov,12/11/2021,09:00,168,M,0,,NA,NA,NA
R1,Control,3,05/11/2021,18DOL,,DAY14,4,C.D1.T3.4,87.1,NA,NA,05/11/2021,09-Nov,12/11/2021,09:00,168,M,0,,NA,NA,NA
R1,Large,6,05/11/2021,18DOL,,DAY14,6,L.D2.T3.6,113.5,NA,NA,05/11/2021,09-Nov,12/11/2021,09:00,168,M,0,,NA,NA,NA
R1,Large,6,05/11/2021,18DOL,,DAY14,7,L.D2.T3.7,105.9,NA,NA,05/11/2021,09-Nov,12/11/2021,09:00,168,M,0,,NA,NA,NA
R1,Control,2,06/11/2021,19DOL,,DAY15,5,C.D2.T2.5,95.4,NA,NA,06/11/2021,12:25-1:30,12/11/2021,14:42,170,M,0,,NA,NA,NA
R1,Large,4,04/11/2021,17DOL,,DAY13,10,L.D1.T1.10,117.1,NA,NA,04/11/2021,11-Dec,11/11/2021,14:00,171,F,NA,,NA,NA,NA
R1,Large,4,04/11/2021,17DOL,,DAY13,3,L.D1.T1.3,126.2,NA,NA,04/11/2021,11-Dec,11/11/2021,14:00,171,M,NA,,NA,NA,NA
R1,Large,4,04/11/2021,17DOL,,DAY13,7,L.D1.T1.7,114.6,NA,NA,04/11/2021,11-Dec,11/11/2021,14:00,171,M,NA,,NA,NA,NA
R1,Large,4,04/11/2021,17DOL,,DAY13,9,L.D1.T1.9,108.5,NA,NA,04/11/2021,11-Dec,11/11/2021,14:00,171,M,0,,NA,NA,NA
R1,Large,5,04/11/2021,17DOL,,DAY13,10,L.D1.T2.10,99.7,NA,NA,04/11/2021,11-Dec,11/11/2021,14:00,171,M,NA,,NA,NA,NA
R1,Large,5,04/11/2021,17DOL,,DAY13,5,L.D1.T2.5,115.4,NA,NA,04/11/2021,11-Dec,11/11/2021,14:00,171,M,0,,NA,NA,NA
R1,Large,5,04/11/2021,17DOL,,DAY13,9,L.D1.T2.9,129.6,NA,NA,04/11/2021,11-Dec,11/11/2021,14:00,171,F,1,,NA,NA,NA
R1,Large,6,04/11/2021,17DOL,,DAY13,1,L.D1.T3.1,103,NA,NA,04/11/2021,11-Dec,11/11/2021,14:00,171,F,1,,NA,NA,NA
R1,Large,6,04/11/2021,17DOL,,DAY13,10,L.D1.T3.10,143.7,NA,NA,04/11/2021,11-Dec,11/11/2021,14:00,171,F,1,,NA,NA,NA
R1,Large,6,04/11/2021,17DOL,,DAY13,5,L.D1.T3.5,149.8,NA,NA,04/11/2021,11-Dec,11/11/2021,14:00,171,F,1,,NA,NA,NA
R1,Large,6,04/11/2021,17DOL,,DAY13,7,L.D1.T3.7,130.7,NA,NA,04/11/2021,11-Dec,11/11/2021,14:00,171,M,0,,NA,NA,NA
R1,Large,6,04/11/2021,17DOL,,DAY13,8,L.D1.T3.8,115.2,NA,NA,04/11/2021,11-Dec,11/11/2021,14:00,171,M,0,,NA,NA,NA
R1,Large,6,04/11/2021,17DOL,,DAY13,9,L.D1.T3.9,108.5,NA,NA,04/11/2021,11-Dec,11/11/2021,14:00,171,M,0,,NA,NA,NA
R1,Control,1,05/11/2021,18DOL,,DAY14,5,C.D1.T1.5,98.3,NA,NA,05/11/2021,09-Nov,12/11/2021,14:42,173,M,0,,NA,NA,NA
R1,Large,4,05/11/2021,18DOL,,DAY14,3,L.D2.T1.3,147.3,NA,NA,05/11/2021,09-Nov,12/11/2021,14:42,173,F,1,,NA,NA,NA
R1,Control,2,05/11/2021,18DOL,,DAY14,5,C.D1.T2.5,112.1,NA,NA,05/11/2021,09-Nov,12/11/2021,14:42,173,M,0,,NA,NA,NA
R1,Control,3,05/11/2021,18DOL,,DAY14,1,C.D1.T3.1,92,NA,NA,05/11/2021,09-Nov,12/11/2021,14:42,173,M,0,,NA,NA,NA
R1,Control,3,05/11/2021,18DOL,,DAY14,14,C.D1.T3.14,95.2,NA,NA,05/11/2021,09-Nov,12/11/2021,14:42,173,M,0,,NA,NA,NA
R1,Control,3,05/11/2021,18DOL,,DAY14,16,C.D1.T3.16,86.2,NA,NA,05/11/2021,09-Nov,12/11/2021,14:42,173,M,0,,NA,NA,NA
R1,Control,3,05/11/2021,18DOL,,DAY14,20,C.D1.T3.20,89.7,NA,NA,05/11/2021,09-Nov,12/11/2021,14:42,173,M,0,,NA,NA,NA
R1,Control,3,05/11/2021,18DOL,,DAY14,21,C.D1.T3.21,82.4,NA,NA,05/11/2021,09-Nov,12/11/2021,14:42,173,M,0,,NA,NA,NA
R1,Control,3,05/11/2021,18DOL,,DAY14,5,C.D1.T3.5,110.1,NA,NA,05/11/2021,09-Nov,12/11/2021,14:42,173,M,0,,NA,NA,NA
R1,Control,3,05/11/2021,18DOL,,DAY14,9,C.D1.T3.9,84.4,NA,NA,05/11/2021,09-Nov,12/11/2021,14:42,173,M,0,,NA,NA,NA
R1,Large,6,05/11/2021,18DOL,,DAY14,16,L.D2.T3.16,108.4,NA,NA,05/11/2021,09-Nov,12/11/2021,14:42,173,M,0,,NA,NA,NA
R1,Large,6,05/11/2021,18DOL,,DAY14,3,L.D2.T3.3,120.5,NA,NA,05/11/2021,09-Nov,12/11/2021,14:42,173,M,0,,NA,NA,NA
R1,Large,5,05/11/2021,18DOL,,DAY14,3,L.D2.T2.3,116.4,NA,NA,05/11/2021,09-Nov,12/11/2021,16:25,175,M,0,,NA,NA,NA
R1,Large,6,05/11/2021,18DOL,,DAY14,18,L.D2.T3.18,189.4,NA,NA,05/11/2021,09-Nov,12/11/2021,16:25,175,M,0,,NA,NA,NA
R1,Large,4,04/11/2021,17DOL,,DAY13,1,L.D1.T1.1,130.7,NA,NA,04/11/2021,11-Dec,12/11/2021,09:00,190,M,0,,NA,NA,NA
R1,Large,4,04/11/2021,17DOL,,DAY13,2,L.D1.T1.2,131.6,NA,NA,04/11/2021,11-Dec,12/11/2021,09:00,190,F,NA,,NA,NA,NA
R1,Large,4,04/11/2021,17DOL,,DAY13,4,L.D1.T1.4,133.7,NA,NA,04/11/2021,11-Dec,12/11/2021,09:00,190,F,NA,,NA,NA,NA
R1,Large,4,04/11/2021,17DOL,,DAY13,5,L.D1.T1.5,88.1,NA,NA,04/11/2021,11-Dec,12/11/2021,09:00,190,M,NA,,NA,NA,NA
R1,Large,4,04/11/2021,17DOL,,DAY13,6,L.D1.T1.6,126.9,NA,NA,04/11/2021,11-Dec,12/11/2021,09:00,190,M,NA,,NA,NA,NA
R1,Large,4,04/11/2021,17DOL,,DAY13,8,L.D1.T1.8,124.3,NA,NA,04/11/2021,11-Dec,12/11/2021,09:00,190,F,NA,,NA,NA,NA
R1,Large,5,04/11/2021,17DOL,,DAY13,1,L.D1.T2.1,104,NA,NA,04/11/2021,11-Dec,12/11/2021,09:00,190,M,0,,NA,NA,NA
R1,Large,5,04/11/2021,17DOL,,DAY13,2,L.D1.T2.2,140,NA,NA,04/11/2021,11-Dec,12/11/2021,09:00,190,F,1,,NA,NA,NA
R1,Large,5,04/11/2021,17DOL,,DAY13,3,L.D1.T2.3,141.6,NA,NA,04/11/2021,11-Dec,12/11/2021,09:00,190,M,0,,NA,NA,NA
R1,Large,5,04/11/2021,17DOL,,DAY13,4,L.D1.T2.4,119.6,NA,NA,04/11/2021,11-Dec,12/11/2021,09:00,190,F,1,,NA,NA,NA
R1,Large,5,04/11/2021,17DOL,,DAY13,6,L.D1.T2.6,94.6,NA,NA,04/11/2021,11-Dec,12/11/2021,09:00,190,M,0,,NA,NA,NA
R1,Large,5,04/11/2021,17DOL,,DAY13,7,L.D1.T2.7,105.5,NA,NA,04/11/2021,11-Dec,12/11/2021,09:00,190,M,0,,NA,NA,NA
R1,Large,5,04/11/2021,17DOL,,DAY13,8,L.D1.T2.8,122.1,NA,NA,04/11/2021,11-Dec,12/11/2021,09:00,190,F,1,,NA,NA,NA
R1,Large,6,04/11/2021,17DOL,,DAY13,3,L.D1.T3.3,130.1,NA,NA,04/11/2021,11-Dec,12/11/2021,09:00,190,F,1,,NA,NA,NA
R1,Large,6,05/11/2021,18DOL,,DAY14,1,L.D2.T3.1,98.2,NA,NA,05/11/2021,09-Nov,12/11/2021,09:00,190,M,0,,NA,NA,NA
R1,Control,1,07/11/2021,20DOL,,DAY16,2,C.D3.T1.2,117.2,NA,NA,07/11/2021,10:00,15/11/2021,09:00,191,M,0,,NA,NA,NA
R1,Control,1,07/11/2021,20DOL,,DAY16,5,C.D3.T1.5,98.9,NA,NA,07/11/2021,10:00,15/11/2021,09:00,191,M,0,,NA,NA,NA
R1,Control,1,07/11/2021,20DOL,,DAY16,7,C.D3.T1.7,110.2,NA,NA,07/11/2021,10:00,15/11/2021,09:00,191,M,0,,NA,NA,NA
R1,Control,1,07/11/2021,20DOL,,DAY16,8,C.D3.T1.8,91,NA,NA,07/11/2021,10:00,15/11/2021,09:00,191,M,0,,NA,NA,NA
R1,Control,1,07/11/2021,20DOL,,DAY16,9,C.D3.T1.9,89.7,NA,NA,07/11/2021,10:00,15/11/2021,09:00,191,M,0,,NA,NA,NA
R1,Control,1,08/11/2021,21DOL,,DAY17,1,C.D4.T1.1,115.7,NA,NA,08/11/2021,10:00,16/11/2021,09:00,191,M,0,,NA,NA,NA
R1,Control,1,08/11/2021,21DOL,,DAY17,2,C.D4.T1.2,132.9,NA,NA,08/11/2021,10:00,16/11/2021,09:00,191,M,0,,NA,NA,NA
R1,Control,1,08/11/2021,21DOL,,DAY17,4,C.D4.T1.4,102.5,NA,NA,08/11/2021,10:00,16/11/2021,09:00,191,M,0,,NA,NA,NA
R1,Large,4,07/11/2021,20DOL,,DAY16,2,L.D4.T1.2,162.8,NA,NA,07/11/2021,10:00,15/11/2021,09:00,191,F,1,,NA,NA,NA
R1,Large,4,07/11/2021,20DOL,,DAY16,9,L.D4.T1.9,145.3,NA,NA,07/11/2021,10:00,15/11/2021,09:00,191,F,1,,NA,NA,NA
R1,Large,4,08/11/2021,21DOL,,DAY17,1,L.D5.T1.1,135.6,NA,NA,08/11/2021,10:00,16/11/2021,09:00,191,F,1,,NA,NA,NA
R1,Control,2,07/11/2021,20DOL,,DAY16,4,C.D3.T2.4,97.7,NA,NA,07/11/2021,10:00,15/11/2021,09:00,191,M,0,,NA,NA,NA
R1,Control,2,07/11/2021,20DOL,,DAY16,6,C.D3.T2.6,90.9,NA,NA,07/11/2021,10:00,15/11/2021,09:00,191,M,0,,NA,NA,NA
R1,Control,2,07/11/2021,20DOL,,DAY16,9,C.D3.T2.9,90.7,NA,NA,07/11/2021,10:00,15/11/2021,09:00,191,F,1,,NA,NA,NA
R1,Control,2,08/11/2021,21DOL,,DAY17,7,C.D4.T2.7,79.5,NA,NA,08/11/2021,10:00,16/11/2021,09:00,191,M,0,,NA,NA,NA
R1,Control,2,08/11/2021,21DOL,,DAY17,8,C.D4.T2.8,91.1,NA,NA,08/11/2021,10:00,16/11/2021,09:00,191,M,0,,NA,NA,NA
R1,Control,2,08/11/2021,21DOL,,DAY17,9,C.D4.T2.9,97.8,NA,NA,08/11/2021,10:00,16/11/2021,09:00,191,M,0,,NA,NA,NA
R1,Large,5,07/11/2021,20DOL,,DAY16,2,L.D4.T2.2,159.6,NA,NA,07/11/2021,10:00,15/11/2021,09:00,191,F,1,,NA,NA,NA
R1,Large,5,07/11/2021,20DOL,,DAY16,4,L.D4.T2.4,117,NA,NA,07/11/2021,10:00,15/11/2021,09:00,191,M,0,,NA,NA,NA
R1,Large,5,07/11/2021,20DOL,,DAY16,5,L.D4.T2.5,171.8,NA,NA,07/11/2021,10:00,15/11/2021,09:00,191,F,1,,NA,NA,NA
R1,Large,5,07/11/2021,20DOL,,DAY16,8,L.D4.T2.8,143.1,NA,NA,07/11/2021,10:00,15/11/2021,09:00,191,F,1,,NA,NA,NA
R1,Large,5,07/11/2021,20DOL,,DAY16,9,L.D4.T2.9,106.4,NA,NA,07/11/2021,10:00,15/11/2021,09:00,191,M,0,,NA,NA,NA
R1,Control,3,07/11/2021,20DOL,,DAY16,1,C.D3.T3.1,120,NA,NA,07/11/2021,10:00,15/11/2021,09:00,191,M,0,,NA,NA,NA
R1,Control,3,07/11/2021,20DOL,,DAY16,10,C.D3.T3.10,70.7,NA,NA,07/11/2021,10:00,15/11/2021,09:00,191,M,0,,NA,NA,NA
R1,Control,3,07/11/2021,20DOL,,DAY16,4,C.D3.T3.4,99.7,NA,NA,07/11/2021,10:00,15/11/2021,09:00,191,M,0,,NA,NA,NA
R1,Control,3,07/11/2021,20DOL,,DAY16,6,C.D3.T3.6,110.5,NA,NA,07/11/2021,10:00,15/11/2021,09:00,191,M,0,,NA,NA,NA
R1,Control,3,07/11/2021,20DOL,,DAY16,8,C.D3.T3.8,94.1,NA,NA,07/11/2021,10:00,15/11/2021,09:00,191,M,0,,NA,NA,NA
R1,Control,3,07/11/2021,20DOL,,DAY16,9,C.D3.T3.9,65.2,NA,NA,07/11/2021,10:00,15/11/2021,09:00,191,M,0,,NA,NA,NA
R1,Control,3,08/11/2021,21DOL,,DAY17,7,C.D4.T3.7,89.3,NA,NA,08/11/2021,10:00,16/11/2021,09:00,191,M,0,,NA,NA,NA
R1,Control,3,08/11/2021,21DOL,,DAY17,8,C.D4.T3.8,90.6,NA,NA,08/11/2021,10:00,16/11/2021,09:00,191,M,0,,NA,NA,NA
R1,Large,6,07/11/2021,20DOL,,DAY16,5,L.D4.T3.5,120.8,NA,NA,07/11/2021,10:00,15/11/2021,09:00,191,F,1,,NA,NA,NA
R1,Large,6,07/11/2021,20DOL,,DAY16,6,L.D4.T3.6,144.7,NA,NA,07/11/2021,10:00,15/11/2021,09:00,191,M,0,,NA,NA,NA
R1,Large,6,07/11/2021,20DOL,,DAY16,8,L.D4.T3.8,193.9,NA,NA,07/11/2021,10:00,15/11/2021,09:00,191,F,1,,NA,NA,NA
R1,Large,6,07/11/2021,20DOL,,DAY16,9,L.D4.T3.9,121.8,NA,NA,07/11/2021,10:00,15/11/2021,09:00,191,M,0,,NA,NA,NA
R1,Large,6,08/11/2021,21DOL,,DAY17,10,L.D5.T3.10,114.7,NA,NA,08/11/2021,10:00,15/11/2021,09:00,191,M,0,,NA,NA,NA
R1,Large,6,08/11/2021,21DOL,,DAY17,5,L.D5.T3.5,135.8,NA,NA,08/11/2021,10:00,15/11/2021,09:00,191,M,0,,NA,NA,NA
R1,Control,2,07/11/2021,20DOL,,DAY16,10,C.D3.T2.10,106,NA,NA,07/11/2021,10:00,15/11/2021,10:55,192,M,0,,NA,NA,NA
R1,Control,1,08/11/2021,21DOL,,DAY17,10,C.D4.T1.10,96.9,NA,NA,08/11/2021,10:00,16/11/2021,12:32,194,M,0,,NA,NA,NA
R1,Control,1,05/11/2021,18DOL,,DAY14,1,C.D1.T1.1,94.2,NA,NA,05/11/2021,09-Nov,13/11/2021,12:00,195,M,0,,NA,NA,NA
R1,Control,1,05/11/2021,18DOL,,DAY14,10,C.D1.T1.10,97.8,NA,NA,05/11/2021,09-Nov,13/11/2021,12:00,195,M,0,,NA,NA,NA
R1,Control,1,05/11/2021,18DOL,,DAY14,12,C.D1.T1.12,99,NA,NA,05/11/2021,09-Nov,13/11/2021,12:00,195,M,0,,NA,NA,NA
R1,Control,1,05/11/2021,18DOL,,DAY14,13,C.D1.T1.13,92.5,NA,NA,05/11/2021,09-Nov,13/11/2021,12:00,195,M,0,,NA,NA,NA
R1,Control,1,05/11/2021,18DOL,,DAY14,16,C.D1.T1.16,85.6,NA,NA,05/11/2021,09-Nov,13/11/2021,12:00,195,M,0,,NA,NA,NA
R1,Control,1,05/11/2021,18DOL,,DAY14,17,C.D1.T1.17,89.1,NA,NA,05/11/2021,09-Nov,13/11/2021,12:00,195,M,0,,NA,NA,NA
R1,Control,1,05/11/2021,18DOL,,DAY14,19,C.D1.T1.19,86.6,NA,NA,05/11/2021,09-Nov,13/11/2021,12:00,195,M,0,,NA,NA,NA
R1,Control,1,05/11/2021,18DOL,,DAY14,6,C.D1.T1.6,89.1,NA,NA,05/11/2021,09-Nov,13/11/2021,12:00,195,M,0,,NA,NA,NA
R1,Large,4,05/11/2021,18DOL,,DAY14,1,L.D2.T1.1,143.5,NA,NA,05/11/2021,09-Nov,13/11/2021,12:00,195,F,1,,NA,NA,NA
R1,Large,4,05/11/2021,18DOL,,DAY14,10,L.D2.T1.10,99,NA,NA,05/11/2021,09-Nov,13/11/2021,12:00,195,M,0,,NA,NA,NA
R1,Large,4,05/11/2021,18DOL,,DAY14,2,L.D2.T1.2,100.4,NA,NA,05/11/2021,09-Nov,13/11/2021,12:00,195,M,0,,NA,NA,NA
R1,Large,4,05/11/2021,18DOL,,DAY14,5,L.D2.T1.5,158.2,NA,NA,05/11/2021,09-Nov,13/11/2021,12:00,195,F,1,,NA,NA,NA
R1,Large,4,05/11/2021,18DOL,,DAY14,8,L.D2.T1.8,120.3,NA,NA,05/11/2021,09-Nov,13/11/2021,12:00,195,M,0,,NA,NA,NA
R1,Large,4,05/11/2021,18DOL,,DAY14,9,L.D2.T1.9,156.7,NA,NA,05/11/2021,09-Nov,13/11/2021,12:00,195,F,1,,NA,NA,NA
R1,Control,2,05/11/2021,18DOL,,DAY14,1,C.D1.T2.1,74.9,NA,NA,05/11/2021,09-Nov,13/11/2021,12:00,195,M,0,,NA,NA,NA
R1,Control,2,05/11/2021,18DOL,,DAY14,2,C.D1.T2.2,91.5,NA,NA,05/11/2021,09-Nov,13/11/2021,12:00,195,M,0,,NA,NA,NA
R1,Control,2,05/11/2021,18DOL,,DAY14,3,C.D1.T2.3,105.8,NA,NA,05/11/2021,09-Nov,13/11/2021,12:00,195,M,0,,NA,NA,NA
R1,Control,2,05/11/2021,18DOL,,DAY14,7,C.D1.T2.7,95.4,NA,NA,05/11/2021,09-Nov,13/11/2021,12:00,195,F,1,,NA,NA,NA
R1,Large,5,05/11/2021,18DOL,,DAY14,4,L.D2.T2.4,133.1,NA,NA,05/11/2021,09-Nov,13/11/2021,12:00,195,M,0,,NA,NA,NA
R1,Large,5,05/11/2021,18DOL,,DAY14,5,L.D2.T2.5,102.3,NA,NA,05/11/2021,09-Nov,13/11/2021,12:00,195,M,0,,NA,NA,NA
R1,Large,5,05/11/2021,18DOL,,DAY14,9,L.D2.T2.9,149.1,NA,NA,05/11/2021,09-Nov,13/11/2021,12:51,195,M,0,,NA,NA,NA
R1,Control,3,05/11/2021,18DOL,,DAY14,11,C.D1.T3.11,75.9,NA,NA,05/11/2021,09-Nov,13/11/2021,12:00,195,M,0,,NA,NA,NA
R1,Control,3,05/11/2021,18DOL,,DAY14,13,C.D1.T3.13,91.4,NA,NA,05/11/2021,09-Nov,13/11/2021,12:00,195,M,0,,NA,NA,NA
R1,Control,3,05/11/2021,18DOL,,DAY14,19,C.D1.T3.19,86,NA,NA,05/11/2021,09-Nov,13/11/2021,12:00,195,M,0,,NA,NA,NA
R1,Control,3,05/11/2021,18DOL,,DAY14,22,C.D1.T3.22,97.1,NA,NA,05/11/2021,09-Nov,13/11/2021,12:00,195,M,0,,NA,NA,NA
R1,Control,3,05/11/2021,18DOL,,DAY14,3,C.D1.T3.3,89.7,NA,NA,05/11/2021,09-Nov,13/11/2021,12:00,195,M,0,,NA,NA,NA
R1,Large,6,04/11/2021,17DOL,,DAY13,2,L.D1.T3.2,148.1,NA,NA,04/11/2021,11-Dec,12/11/2021,14:42,195,F,1,,NA,NA,NA
R1,Large,6,05/11/2021,18DOL,,DAY14,10,L.D2.T3.10,120.7,NA,NA,05/11/2021,09-Nov,13/11/2021,12:00,195,F,1,,NA,NA,NA
R1,Large,6,07/11/2021,20DOL,,DAY16,7,L.D4.T3.7,132.5,NA,NA,07/11/2021,10:00,15/11/2021,14:08,196,M,0,,NA,NA,NA
R1,Large,4,06/11/2021,19DOL,,DAY15,8,L.D3.T1.8,114.9,NA,NA,06/11/2021,14:00-14:40,15/11/2021,09:00,211,M,0,,NA,NA,NA
R1,Large,5,06/11/2021,19DOL,,DAY15,2,L.D3.T2.2,150.8,NA,NA,06/11/2021,14:00-14:40,15/11/2021,09:00,211,F,1,,NA,NA,NA
R1,Large,5,06/11/2021,19DOL,,DAY15,8,L.D3.T2.8,111.8,NA,NA,06/11/2021,14:00-14:40,15/11/2021,09:00,211,M,0,,NA,NA,NA
R1,Large,5,06/11/2021,19DOL,,DAY15,9,L.D3.T2.9,145.9,NA,NA,06/11/2021,14:00-14:40,15/11/2021,09:00,211,M,0,,NA,NA,NA
R1,Large,6,06/11/2021,19DOL,,DAY15,2,L.D3.T3.2,158.5,NA,NA,06/11/2021,14:00-14:40,15/11/2021,09:00,211,F,1,,NA,NA,NA
R1,Large,6,07/11/2021,20DOL,,DAY16,2,L.D4.T3.2,193.5,NA,NA,07/11/2021,10:00,15/11/2021,09:00,211,F,1,,NA,NA,NA
R1,Control,3,06/11/2021,19DOL,,DAY15,3,C.D2.T3.3,90.3,NA,NA,06/11/2021,12:25-1:30,15/11/2021,09:00,212,M,0,,NA,NA,NA
R1,Control,3,06/11/2021,19DOL,,DAY15,5,C.D2.T3.5,99.5,NA,NA,06/11/2021,12:25-1:30,15/11/2021,09:00,212,M,0,,NA,NA,NA
R1,Control,3,06/11/2021,19DOL,,DAY15,7,C.D2.T3.7,89.1,NA,NA,06/11/2021,12:25-1:30,15/11/2021,09:00,212,M,0,,NA,NA,NA
R1,Control,3,06/11/2021,19DOL,,DAY15,8,C.D2.T3.8,101.4,NA,NA,06/11/2021,12:25-1:30,15/11/2021,09:00,212,M,0,,NA,NA,NA
R1,Control,2,06/11/2021,19DOL,,DAY15,1,C.D2.T2.1,83.3,NA,NA,06/11/2021,12:25-1:30,15/11/2021,10:55,214,M,0,,NA,NA,NA
R1,Large,6,07/11/2021,20DOL,,DAY16,1,L.D4.T3.1,134.2,NA,NA,07/11/2021,10:00,15/11/2021,14:25,216,M,0,,NA,NA,NA
R1,Large,5,05/11/2021,18DOL,,DAY14,1,L.D2.T2.1,149.1,NA,NA,05/11/2021,09-Nov,15/11/2021,09:00,240,F,1,,NA,NA,NA
R1,Large,5,05/11/2021,18DOL,,DAY14,12,L.D2.T2.12,115.2,NA,NA,05/11/2021,09-Nov,15/11/2021,09:00,240,M,0,,NA,NA,NA
R1,Large,5,05/11/2021,18DOL,,DAY14,13,L.D2.T2.13,136.2,NA,NA,05/11/2021,09-Nov,15/11/2021,09:00,240,F,1,,NA,NA,NA
R1,Large,6,05/11/2021,18DOL,,DAY14,14,L.D2.T3.14,164.4,NA,NA,05/11/2021,09-Nov,13/11/2021,12:00,240,F,1,,NA,NA,NA
R1,Large,6,05/11/2021,18DOL,,DAY14,15,L.D2.T3.15,178.4,NA,NA,05/11/2021,09-Nov,13/11/2021,12:00,240,F,1,,NA,NA,NA
R1,Large,6,05/11/2021,18DOL,,DAY14,17,L.D2.T3.17,113,NA,NA,05/11/2021,09-Nov,13/11/2021,12:00,240,M,0,,NA,NA,NA
R1,Large,6,05/11/2021,18DOL,,DAY14,2,L.D2.T3.2,147.2,NA,NA,05/11/2021,09-Nov,13/11/2021,12:00,240,M,0,,NA,NA,NA
R1,Large,6,05/11/2021,18DOL,,DAY14,20,L.D2.T3.20,141.2,NA,NA,05/11/2021,09-Nov,13/11/2021,12:00,240,F,1,,NA,NA,NA
R1,Large,6,05/11/2021,18DOL,,DAY14,4,L.D2.T3.4,154.6,NA,NA,05/11/2021,09-Nov,13/11/2021,12:00,240,M,0,,NA,NA,NA
R2,Control,7,12/02/2022,18DOL,14,,1,C1,89.51,NA,NA,12/02/2022,11:00,20/02/2022,11:00,192,M,0,,NA,NA,NA
R2,Control,7,12/02/2022,18DOL,14,,2,C2,96.36,NA,NA,12/02/2022,11:00,20/02/2022,11:00,192,M,0,,NA,NA,NA
R2,Control,7,12/02/2022,18DOL,14,,3,C3,69.53,NA,NA,12/02/2022,11:00,19/02/2022,08:35,165,M,0,,NA,NA,NA
R2,Control,7,12/02/2022,18DOL,14,,4,C4,80.34,NA,NA,12/02/2022,11:00,19/02/2022,08:35,165,F,1,,NA,NA,NA
R2,Control,7,12/02/2022,18DOL,14,,5,C5,80.59,NA,NA,12/02/2022,11:00,20/02/2022,11:00,192,M,0,,NA,NA,NA
R2,Control,7,12/02/2022,18DOL,14,,6,C6,80.64,NA,NA,12/02/2022,11:00,19/02/2022,08:35,165,M,0,,NA,NA,NA
R2,Control,7,12/02/2022,18DOL,14,,7,C7,113.56,NA,NA,12/02/2022,11:00,20/02/2022,11:00,192,M,0,,NA,NA,NA
R2,Control,7,12/02/2022,18DOL,14,,8,C8,58.61,NA,NA,12/02/2022,11:00,19/02/2022,08:35,165,M,0,,NA,NA,NA
R2,Control,7,13/02/2022,19DOL,15,,9,C9,63.03,NA,NA,13/02/2022,11:00,20/02/2022,11:00,168,M,0,,NA,NA,NA
R2,Control,7,13/02/2022,19DOL,15,,10,C10,71.48,NA,NA,13/02/2022,11:00,20/02/2022,11:00,168,M,0,,NA,NA,NA
R2,Control,7,13/02/2022,19DOL,15,,11,C11,89.5,NA,NA,13/02/2022,11:00,20/02/2022,11:00,168,M,0,,NA,NA,NA
R2,Control,7,13/02/2022,19DOL,15,,14,C14,89.86,NA,NA,13/02/2022,11:00,20/02/2022,11:00,168,M,0,,NA,NA,NA
R2,Control,7,13/02/2022,19DOL,15,,15,C15,87.8,NA,NA,13/02/2022,11:00,21/02/2022,10:00,191,M,0,,NA,NA,NA
R2,Control,7,13/02/2022,19DOL,15,,16,C16,83.08,NA,NA,13/02/2022,11:00,21/02/2022,10:00,191,M,0,,NA,NA,NA
R2,Control,7,13/02/2022,19DOL,15,,17,C17,107.98,NA,NA,13/02/2022,11:00,20/02/2022,11:00,168,M,0,,NA,NA,NA
R2,Control,7,13/02/2022,19DOL,15,,18,C18,85.41,NA,NA,13/02/2022,11:00,19/02/2022,08:35,141,M,0,,NA,NA,NA
R2,Control,7,13/02/2022,19DOL,15,,20,C20,75.56,NA,NA,13/02/2022,11:00,20/02/2022,11:00,168,M,0,,NA,NA,NA
R2,Control,7,13/02/2022,19DOL,15,,21,C21,72.52,NA,NA,13/02/2022,11:00,20/02/2022,11:00,168,M,0,,NA,NA,NA
R2,Control,7,13/02/2022,19DOL,15,,22,C22,98.93,NA,NA,13/02/2022,11:00,20/02/2022,11:00,168,M,0,,NA,NA,NA
R2,Control,7,13/02/2022,19DOL,15,,23,C23,80.88,NA,NA,13/02/2022,11:00,20/02/2022,11:00,168,M,0,,NA,NA,NA
R2,Control,7,13/02/2022,19DOL,15,,24,C24,64.53,NA,NA,13/02/2022,11:00,19/02/2022,08:35,141,M,0,,NA,NA,NA
R2,Control,7,13/02/2022,19DOL,15,,25,C25,97.51,NA,NA,13/02/2022,11:00,20/02/2022,11:00,168,M,0,,NA,NA,NA
R2,Control,7,13/02/2022,19DOL,15,,26,C26,103.01,NA,NA,13/02/2022,11:00,20/02/2022,12:00,169,M,0,,NA,NA,NA
R2,Control,7,13/02/2022,19DOL,15,,27,C27,98.82,NA,NA,13/02/2022,11:00,20/02/2022,11:00,168,M,0,,NA,NA,NA
R2,Control,7,13/02/2022,19DOL,15,,28,C28,93.79,NA,NA,13/02/2022,11:00,20/02/2022,11:00,168,M,0,,NA,NA,NA
R2,Control,7,13/02/2022,19DOL,15,,29,C29,99.41,NA,NA,13/02/2022,11:00,20/02/2022,11:00,168,M,0,,NA,NA,NA
R2,Control,7,13/02/2022,19DOL,15,,31,C31,89.32,NA,NA,13/02/2022,11:00,20/02/2022,11:00,168,M,0,,NA,NA,NA
R2,Control,7,13/02/2022,19DOL,15,,34,C34,88.36,NA,NA,13/02/2022,11:00,20/02/2022,11:00,168,M,0,,NA,NA,NA
R2,Control,7,13/02/2022,19DOL,15,,36,C36,94.23,NA,NA,13/02/2022,11:00,21/02/2022,10:00,191,M,0,,NA,NA,NA
R2,Control,7,13/02/2022,19DOL,15,,38,C38,94.47,NA,NA,13/02/2022,11:00,20/02/2022,11:00,168,M,0,,NA,NA,NA
R2,Control,7,13/02/2022,19DOL,15,,39,C39,77.85,NA,NA,13/02/2022,11:00,20/02/2022,11:00,168,M,0,,NA,NA,NA
R2,Control,7,13/02/2022,19DOL,15,,40,C40,107.93,NA,NA,13/02/2022,11:00,20/02/2022,11:00,168,M,0,,NA,NA,NA
R2,Control,7,13/02/2022,19DOL,15,,42,C42,76.18,NA,NA,13/02/2022,11:00,20/02/2022,11:00,168,M,0,,NA,NA,NA
R2,Control,7,13/02/2022,19DOL,15,,43,C43,92.03,NA,NA,13/02/2022,11:00,19/02/2022,08:35,141,M,0,,NA,NA,NA
R2,Control,7,13/02/2022,19DOL,15,,44,C44,81.68,NA,NA,13/02/2022,11:00,20/02/2022,11:00,168,M,0,,NA,NA,NA
R2,Control,7,13/02/2022,19DOL,15,,46,C46,73.69,NA,NA,13/02/2022,11:00,20/02/2022,11:00,168,M,0,,NA,NA,NA
R2,Control,7,13/02/2022,19DOL,15,,47,C47,80.33,NA,NA,13/02/2022,11:00,20/02/2022,11:00,168,M,0,,NA,NA,NA
R2,Control,7,14/02/2022,20DOL,16,,48,C48,109.41,NA,NA,14/02/2022,11:00,21/02/2022,10:00,167,M,0,,NA,NA,NA
R2,Control,7,14/02/2022,20DOL,16,,49,C49,120.44,NA,NA,14/02/2022,11:00,20/02/2022,11:00,144,M,0,,NA,NA,NA
R2,Control,7,14/02/2022,20DOL,16,,50,C50,70.87,NA,NA,14/02/2022,11:00,21/02/2022,10:00,167,M,0,,NA,NA,NA
R2,Control,7,14/02/2022,20DOL,16,,51,C51,88.05,NA,NA,14/02/2022,11:00,20/02/2022,11:00,144,M,0,,NA,NA,NA
R2,Control,7,14/02/2022,20DOL,16,,52,C52,102.24,NA,NA,14/02/2022,11:00,21/02/2022,12:30,169.5,M,0,,NA,NA,NA
R2,Control,7,14/02/2022,20DOL,16,,54,C54,91.2,NA,NA,14/02/2022,11:00,22/02/2022,10:00,191,M,0,,NA,NA,NA
R2,Control,7,14/02/2022,20DOL,16,,56,C56,72.62,NA,NA,14/02/2022,11:00,21/02/2022,10:00,167,M,0,,NA,NA,NA
R2,Control,7,14/02/2022,20DOL,16,,57,C57,95.58,NA,NA,14/02/2022,11:00,20/02/2022,11:00,144,M,0,,NA,NA,NA
R2,Control,7,14/02/2022,20DOL,16,,59,C59,105.12,NA,NA,14/02/2022,11:00,22/02/2022,10:00,191,M,0,,NA,NA,NA
R2,Control,7,14/02/2022,20DOL,16,,61,C61,77.17,NA,NA,14/02/2022,11:00,21/02/2022,12:30,169.5,M,0,,NA,NA,NA
R2,Control,7,14/02/2022,20DOL,16,,62,C62,84.29,NA,NA,14/02/2022,11:00,21/02/2022,10:00,167,M,0,,NA,NA,NA
R2,Control,7,14/02/2022,20DOL,16,,63,C63,97.84,NA,NA,14/02/2022,11:00,21/02/2022,10:00,167,M,0,,NA,NA,NA
R2,Control,7,14/02/2022,20DOL,16,,64,C64,76.68,NA,NA,14/02/2022,11:00,20/02/2022,11:00,144,M,0,,NA,NA,NA
R2,Control,7,14/02/2022,20DOL,16,,65,C65,79.61,NA,NA,14/02/2022,11:00,21/02/2022,10:00,167,M,0,,NA,NA,NA
R2,Large,8,12/02/2022,18DOL,14,,1,L1,108.21,NA,NA,12/02/2022,11:00,20/02/2022,11:00,192,M,0,,NA,NA,NA
R2,Large,8,12/02/2022,18DOL,14,,2,L2,128.5,NA,NA,12/02/2022,11:00,19/02/2022,08:35,165,M,0,,NA,NA,NA
R2,Large,8,12/02/2022,18DOL,14,,4,L4,120.69,NA,NA,12/02/2022,11:00,20/02/2022,11:00,192,M,0,,NA,NA,NA
R2,Large,8,12/02/2022,18DOL,14,,5,L5,109.26,NA,NA,12/02/2022,11:00,20/02/2022,11:00,192,M,0,,NA,NA,NA
R2,Large,8,12/02/2022,18DOL,14,,6,L6,97.47,NA,NA,12/02/2022,11:00,19/02/2022,08:35,165,M,0,,NA,NA,NA
R2,Large,8,12/02/2022,18DOL,14,,7,L7,106.89,NA,NA,12/02/2022,11:00,20/02/2022,11:00,192,M,0,,NA,NA,NA
R2,Large,8,12/02/2022,18DOL,14,,8,L8,107.91,NA,NA,12/02/2022,11:00,20/02/2022,11:00,192,M,0,,NA,NA,NA
R2,Large,8,12/02/2022,18DOL,14,,9,L9,130.69,NA,NA,12/02/2022,11:00,20/02/2022,11:00,192,M,0,,NA,NA,NA
R2,Large,8,12/02/2022,18DOL,14,,10,L10,115.27,NA,NA,12/02/2022,11:00,20/02/2022,11:00,192,M,0,,NA,NA,NA
R2,Large,8,12/02/2022,18DOL,14,,11,L11,109.82,NA,NA,12/02/2022,11:00,20/02/2022,11:00,192,M,0,,NA,NA,NA
R2,Large,8,12/02/2022,18DOL,14,,12,L12,105.79,NA,NA,12/02/2022,11:00,20/02/2022,11:00,192,M,0,,NA,NA,NA
R2,Large,8,13/02/2022,19DOL,15,,13,L13,94.87,NA,NA,13/02/2022,11:00,20/02/2022,11:00,168,M,0,,NA,NA,NA
R2,Large,8,13/02/2022,19DOL,15,,15,L15,133.16,NA,NA,13/02/2022,11:00,20/02/2022,11:00,168,M,0,,NA,NA,NA
R2,Large,8,13/02/2022,19DOL,15,,19,L19,126.93,NA,NA,13/02/2022,11:00,21/02/2022,10:00,191,M,0,,NA,NA,NA
R2,Large,8,13/02/2022,19DOL,15,,21,L21,134.14,NA,NA,13/02/2022,11:00,20/02/2022,11:00,168,M,0,,NA,NA,NA
R2,Large,8,13/02/2022,19DOL,15,,22,L22,139.73,NA,NA,13/02/2022,11:00,21/02/2022,10:00,191,M,0,,NA,NA,NA
R2,Large,8,13/02/2022,19DOL,15,,23,L23,110.22,NA,NA,13/02/2022,11:00,20/02/2022,11:00,168,M,0,,NA,NA,NA
R2,Large,8,13/02/2022,19DOL,15,,25,L25,93.05,NA,NA,13/02/2022,11:00,20/02/2022,11:00,168,M,0,,NA,NA,NA
R2,Large,8,13/02/2022,19DOL,15,,26,L26,123.18,NA,NA,13/02/2022,11:00,21/02/2022,10:00,191,M,0,,NA,NA,NA
R2,Large,8,13/02/2022,19DOL,15,,27,L27,137.16,NA,NA,13/02/2022,11:00,20/02/2022,11:00,168,M,0,,NA,NA,NA
R2,Large,8,13/02/2022,19DOL,15,,28,L28,91.12,NA,NA,13/02/2022,11:00,21/02/2022,10:00,191,M,0,,NA,NA,NA
R2,Large,8,13/02/2022,19DOL,15,,29,L29,127.71,NA,NA,13/02/2022,11:00,20/02/2022,11:00,168,M,0,,NA,NA,NA
R2,Large,8,13/02/2022,19DOL,15,,30,L30,112.34,NA,NA,13/02/2022,11:00,20/02/2022,11:00,168,M,0,,NA,NA,NA
R2,Large,8,13/02/2022,19DOL,15,,31,L31,124.89,NA,NA,13/02/2022,11:00,20/02/2022,11:00,168,M,0,,NA,NA,NA
R2,Large,8,13/02/2022,19DOL,15,,32,L32,108.87,NA,NA,13/02/2022,11:00,20/02/2022,11:00,168,M,0,,NA,NA,NA
R2,Large,8,13/02/2022,19DOL,15,,33,L33,112.91,NA,NA,13/02/2022,11:00,19/02/2022,08:35,141,M,0,,NA,NA,NA
R2,Large,8,13/02/2022,19DOL,15,,37,L37,107.83,NA,NA,13/02/2022,11:00,20/02/2022,11:00,168,M,0,,NA,NA,NA
R2,Large,8,13/02/2022,19DOL,15,,39,L39,133.5,NA,NA,13/02/2022,11:00,21/02/2022,10:00,191,M,0,,NA,NA,NA
R2,Large,8,13/02/2022,19DOL,15,,40,L40,121.8,NA,NA,13/02/2022,11:00,21/02/2022,10:00,191,M,0,,NA,NA,NA
R2,Large,8,13/02/2022,19DOL,15,,41,L41,144.23,NA,NA,13/02/2022,11:00,21/02/2022,10:00,191,M,0,,NA,NA,NA
R2,Large,8,13/02/2022,19DOL,15,,42,L42,123.44,NA,NA,13/02/2022,11:00,20/02/2022,11:00,168,M,0,,NA,NA,NA
R2,Large,8,13/02/2022,19DOL,15,,43,L43,114.89,NA,NA,13/02/2022,11:00,20/02/2022,11:00,168,M,0,,NA,NA,NA
R2,Large,8,13/02/2022,19DOL,15,,44,L44,116.29,NA,NA,13/02/2022,11:00,20/02/2022,11:00,168,M,0,,NA,NA,NA
R2,Large,8,13/02/2022,19DOL,15,,45,L45,95.99,NA,NA,13/02/2022,11:00,19/02/2022,08:35,141,M,0,,NA,NA,NA
R2,Large,8,13/02/2022,19DOL,15,,46,L46,103.63,NA,NA,13/02/2022,11:00,20/02/2022,11:00,168,M,0,,NA,NA,NA
R2,Large,8,13/02/2022,19DOL,15,,48,L48,132.03,NA,NA,13/02/2022,11:00,20/02/2022,11:00,168,M,0,,NA,NA,NA
R2,Large,8,13/02/2022,19DOL,15,,49,L49,103.76,NA,NA,13/02/2022,11:00,20/02/2022,11:00,168,M,0,,NA,NA,NA
R2,Large,8,13/02/2022,19DOL,15,,50,L50,134.49,NA,NA,13/02/2022,11:00,20/02/2022,11:00,168,M,0,,NA,NA,NA
R2,Large,8,13/02/2022,19DOL,15,,51,L51,113.3,NA,NA,13/02/2022,11:00,20/02/2022,11:00,168,M,0,,NA,NA,NA
R2,Large,8,13/02/2022,19DOL,15,,53,L53,127.51,NA,NA,13/02/2022,11:00,20/02/2022,11:00,168,M,0,,NA,NA,NA
R2,Large,8,13/02/2022,19DOL,15,,54,L54,132.5,NA,NA,13/02/2022,11:00,21/02/2022,10:00,191,M,0,,NA,NA,NA
R2,Large,8,13/02/2022,19DOL,15,,55,L55,108.92,NA,NA,13/02/2022,11:00,20/02/2022,11:00,168,M,0,,NA,NA,NA
R2,Large,8,13/02/2022,19DOL,15,,56,L56,123.97,NA,NA,13/02/2022,11:00,20/02/2022,11:00,168,M,0,,NA,NA,NA
R2,Large,8,13/02/2022,19DOL,15,,57,L57,104.4,NA,NA,13/02/2022,11:00,19/02/2022,08:35,141,M,0,,NA,NA,NA
R2,Large,8,13/02/2022,19DOL,15,,59,L59,126.71,NA,NA,13/02/2022,11:00,21/02/2022,10:00,191,M,0,,NA,NA,NA
R2,Large,8,13/02/2022,19DOL,15,,60,L60,105.64,NA,NA,13/02/2022,11:00,20/02/2022,11:00,168,M,0,,NA,NA,NA
R2,Large,8,13/02/2022,19DOL,15,,61,L61,97.4,NA,NA,13/02/2022,11:00,20/02/2022,11:00,168,M,0,,NA,NA,NA
R2,Large,8,13/02/2022,19DOL,15,,62,L62,95.01,NA,NA,13/02/2022,11:00,20/02/2022,11:00,168,M,0,,NA,NA,NA
R2,Large,8,13/02/2022,19DOL,15,,63,L63,109.14,NA,NA,13/02/2022,11:00,21/02/2022,10:00,191,M,0,,NA,NA,NA
R2,Large,8,13/02/2022,19DOL,15,,64,L64,148.29,NA,NA,13/02/2022,11:00,21/02/2022,10:00,193.5,M,0,,NA,NA,NA
R2,Large,8,14/02/2022,20DOL,16,,68,L68,117.76,NA,NA,14/02/2022,11:00,21/02/2022,10:00,167,M,0,,NA,NA,NA
R2,Large,8,14/02/2022,20DOL,16,,70,L70,99.8,NA,NA,14/02/2022,11:00,21/02/2022,10:00,167,M,0,,NA,NA,NA
R2,Large,8,14/02/2022,20DOL,16,,72,L72,127.71,NA,NA,14/02/2022,11:00,20/02/2022,11:00,144,M,0,,NA,NA,NA
R2,Large,8,14/02/2022,20DOL,16,,80,L80,108.38,NA,NA,14/02/2022,11:00,19/02/2022,08:35,117,M,0,,NA,NA,NA
R3,Control,9,04/07/2022,18DOL,14,,12,C12,97.8,13.59,4.4,04/07/2022,16:00,11/07/2022,17:30,169,M,0,NA,NA,NA,NA
R3,Control,9,04/07/2022,18DOL,14,,13,C13,92.3,13.32,4.48,04/07/2022,16:00,11/07/2022,17:30,169,M,0,NA,NA,NA,NA
R3,Control,9,04/07/2022,18DOL,14,,14,C14,83.7,12.81,4.06,04/07/2022,16:00,11/07/2022,11:00,163,M,0,NA,NA,NA,NA
R3,Control,9,04/07/2022,18DOL,14,,18,C18,67.2,11.95,3.81,04/07/2022,16:00,11/07/2022,11:00,163,M,0,NA,NA,NA,NA
R3,Control,9,04/07/2022,18DOL,14,,20,C20,83,12.43,4.28,04/07/2022,16:00,12/07/2022,11:30,187,M,0,NA,NA,NA,NA
R3,Control,9,05/07/2022,19DOL,15,,68,C68,64.7,12.12,3.83,05/07/2022,12:00,12/07/2022,07:30,163,M,0,NA,NA,NA,NA
R3,Control,9,05/07/2022,19DOL,15,,69,C69,96.4,13.41,4.44,05/07/2022,12:00,11/07/2022,11:00,143,M,0,NA,NA,NA,NA
R3,Control,9,05/07/2022,19DOL,15,,72,C72,67.9,12.37,3.65,05/07/2022,12:00,12/07/2022,19:50,175,M,0,NA,NA,NA,NA
R3,Control,9,05/07/2022,19DOL,15,,73,C73,86.4,13.33,4.23,05/07/2022,12:00,12/07/2022,12:50,168,M,0,NA,NA,NA,NA
R3,Control,9,05/07/2022,19DOL,15,,74,C74,93.2,13.47,4.25,05/07/2022,12:00,12/07/2022,07:30,163,M,0,NA,NA,NA,NA
R3,Control,9,05/07/2022,19DOL,15,,78,C78,106.2,14.54,4.33,05/07/2022,12:00,12/07/2022,07:30,163,M,0,NA,NA,NA,NA
R3,Control,9,05/07/2022,19DOL,15,,79,C79,86.4,12.66,4.27,05/07/2022,12:00,12/07/2022,07:30,163,M,0,NA,NA,NA,NA
R3,Control,10,04/07/2022,18DOL,14,,23,C23,84.7,13.23,4.07,04/07/2022,16:00,11/07/2022,11:00,163,M,0,NA,NA,NA,NA
R3,Control,10,04/07/2022,18DOL,14,,24,C24,89.2,13.12,4.06,04/07/2022,16:00,11/07/2022,11:00,163,M,0,NA,NA,NA,NA
R3,Control,10,04/07/2022,18DOL,14,,25,C25,104.5,13.43,4.42,04/07/2022,16:00,11/07/2022,11:00,163,M,0,NA,NA,NA,NA
R3,Control,10,04/07/2022,18DOL,14,,26,C26,101,NA,NA,04/07/2022,16:00,12/07/2022,07:30,183,M,0,NA,NA,NA,NA
R3,Control,10,04/07/2022,18DOL,14,,27,C27,86.3,13.33,3.93,04/07/2022,16:00,12/07/2022,07:30,183,M,0,NA,NA,NA,NA
R3,Control,10,04/07/2022,18DOL,14,,28,C28,112,15.17,4.96,04/07/2022,16:00,12/07/2022,07:30,183,M,0,NA,NA,NA,NA
R3,Control,10,04/07/2022,18DOL,14,,29,C29,89.3,12.6,4.27,04/07/2022,16:00,11/07/2022,11:00,163,M,0,NA,NA,NA,NA
R3,Control,10,04/07/2022,18DOL,14,,30,C30,98.8,NA,NA,04/07/2022,16:00,11/07/2022,11:00,163,M,0,NA,NA,NA,NA
R3,Control,10,04/07/2022,18DOL,14,,34,C34,99.5,13.83,4.53,04/07/2022,16:00,11/07/2022,13:40,165,M,0,NA,NA,NA,NA
R3,Control,10,04/07/2022,18DOL,14,,35,C35,105.5,13.69,4.52,04/07/2022,16:00,13/07/2022,08:20,208,M,0,NA,NA,NA,NA
R3,Control,10,04/07/2022,18DOL,14,,37,C37,95.6,13.69,4.25,04/07/2022,16:00,12/07/2022,07:30,183,M,0,NA,NA,NA,NA
R3,Control,10,04/07/2022,18DOL,14,,38,C38,84.3,13.18,4.06,04/07/2022,16:00,11/07/2022,13:40,165,M,0,NA,NA,NA,NA
R3,Control,10,04/07/2022,18DOL,14,,40,C40,90.2,13.47,4.41,04/07/2022,16:00,11/07/2022,13:40,165,M,0,NA,NA,NA,NA
R3,Control,10,04/07/2022,18DOL,14,,41,C41,96.5,13.99,4.33,04/07/2022,16:00,11/07/2022,13:40,165,M,0,NA,NA,NA,NA
R3,Control,10,04/07/2022,18DOL,14,,42,C42,95.9,13.63,4.2,04/07/2022,16:00,11/07/2022,11:00,163,M,0,NA,NA,NA,NA
R3,Control,10,04/07/2022,18DOL,14,,43,C43,106.7,13.91,4.35,04/07/2022,16:00,13/07/2022,08:20,208,M,0,NA,NA,NA,NA
R3,Control,10,04/07/2022,18DOL,14,,44,C44,107.9,14.1,4.69,04/07/2022,16:00,12/07/2022,07:30,183,M,0,NA,NA,NA,NA
R3,Control,10,04/07/2022,18DOL,14,,48,C48,94.4,13.67,4.37,04/07/2022,16:00,12/07/2022,07:30,183,M,0,NA,NA,NA,NA
R3,Control,10,04/07/2022,18DOL,14,,49,C49,109,14.62,4.46,04/07/2022,16:00,11/07/2022,11:00,163,M,0,NA,NA,NA,NA
R3,Control,10,04/07/2022,18DOL,14,,50,C50,99.4,13.92,4.5,04/07/2022,16:00,11/07/2022,16:20,168,M,0,NA,NA,NA,NA
R3,Control,10,04/07/2022,18DOL,14,,51,C51,99.7,13.66,4.37,04/07/2022,16:00,12/07/2022,07:30,183,M,0,NA,NA,NA,NA
R3,Control,10,04/07/2022,18DOL,14,,52,C52,89.8,13.57,4.24,04/07/2022,16:00,11/07/2022,11:00,163,M,0,NA,NA,NA,NA
R3,Control,10,05/07/2022,19DOL,15,,83,C83,96.2,14.41,4.47,05/07/2022,12:00,11/07/2022,17:30,149,M,0,NA,NA,NA,NA
R3,Control,10,05/07/2022,19DOL,15,,86,C86,93.2,13.22,4.15,05/07/2022,12:00,11/07/2022,13:40,145,M,0,NA,NA,NA,NA
R3,Control,10,05/07/2022,19DOL,15,,87,C87,109.1,14.46,4.3,05/07/2022,12:00,12/07/2022,19:50,175,M,0,NA,NA,NA,NA
R3,Control,10,05/07/2022,19DOL,15,,88,C88,90.1,NA,NA,05/07/2022,12:00,12/07/2022,16:20,172,F,1,14/07/2022,NA,NA,NA
R3,Control,11,04/07/2022,18DOL,14,,53,C53,105,14.15,4.28,04/07/2022,16:00,12/07/2022,16:20,192,M,0,NA,NA,NA,NA
R3,Control,11,04/07/2022,18DOL,14,,54,C54,91.5,13.05,4.33,04/07/2022,16:00,12/07/2022,07:30,183,M,0,NA,NA,NA,NA
R3,Control,11,04/07/2022,18DOL,14,,55,C55,82.4,13.55,4.16,04/07/2022,16:00,12/07/2022,07:30,183,M,0,NA,NA,NA,NA
R3,Control,11,04/07/2022,18DOL,14,,56,C56,75,12.34,3.95,04/07/2022,16:00,11/07/2022,11:00,163,M,0,NA,NA,NA,NA
R3,Control,11,04/07/2022,18DOL,14,,57,C57,91.4,13.34,4.25,04/07/2022,16:00,11/07/2022,11:00,163,M,0,NA,NA,NA,NA
R3,Control,11,05/07/2022,19DOL,15,,90,C90,91.5,13.68,4.24,05/07/2022,12:00,11/07/2022,13:40,145,M,0,NA,NA,NA,NA
R3,Control,12,03/07/2022,17DOL,13,,3,C3,111.8,14.74,4.47,03/07/2022,16:00,11/07/2022,11:00,187,M,0,NA,NA,NA,NA
R3,Control,12,03/07/2022,17DOL,13,,4,C4,102.6,14.22,4.51,03/07/2022,16:00,11/07/2022,11:00,187,M,0,NA,NA,NA,NA
R3,Control,12,03/07/2022,17DOL,13,,6,C6,100.1,13.55,4.5,03/07/2022,16:00,11/07/2022,11:00,187,M,0,NA,NA,NA,NA
R3,Control,12,03/07/2022,17DOL,13,,8,C8,101.2,14.05,4.35,03/07/2022,16:00,11/07/2022,11:00,187,M,0,NA,NA,NA,NA
R3,Control,12,03/07/2022,17DOL,13,,9,C9,96.2,12.8,4.29,03/07/2022,16:00,11/07/2022,11:00,187,M,0,NA,NA,NA,NA
R3,Control,12,04/07/2022,18DOL,14,,60,C60,78.2,14.14,4.3,04/07/2022,16:00,12/07/2022,07:30,183,M,0,NA,NA,NA,NA
R3,Control,12,04/07/2022,18DOL,14,,63,C63,102.7,14.15,4.59,04/07/2022,16:00,12/07/2022,07:30,183,M,0,NA,NA,NA,NA
R3,Control,12,04/07/2022,18DOL,14,,64,C64,104.5,13.67,4.35,04/07/2022,16:00,12/07/2022,07:30,183,M,0,NA,NA,NA,NA
R3,Control,12,04/07/2022,18DOL,14,,65,C65,100.5,14.55,4.43,04/07/2022,16:00,11/07/2022,11:00,163,M,0,NA,NA,NA,NA
R3,Control,12,04/07/2022,18DOL,14,,66,C66,90.2,13.79,4.2,04/07/2022,16:00,11/07/2022,11:00,163,M,0,NA,NA,NA,NA
R3,Control,12,04/07/2022,18DOL,14,,67,C67,113.9,14.68,4.81,04/07/2022,16:00,12/07/2022,07:30,183,M,0,NA,NA,NA,NA
R3,Control,12,05/07/2022,19DOL,15,,97,C97,111.2,14.94,4.35,05/07/2022,12:00,12/07/2022,19:50,175,M,0,NA,NA,NA,NA
R3,Control,12,05/07/2022,19DOL,15,,98,C98,71.1,13.35,4.43,05/07/2022,12:00,11/07/2022,13:40,145,M,0,NA,NA,NA,NA
R3,Control,12,05/07/2022,19DOL,15,,99,C99,94.2,12.52,4.03,05/07/2022,12:00,12/07/2022,07:30,163,M,0,NA,NA,NA,NA
R3,Large,13,09/07/2022,18DOL,14,,1,L1,98.5,13.37,4.47,09/07/2022,10:30,16/07/2022,08:30,166,M,0,NA,NA,NA,NA
R3,Large,13,09/07/2022,18DOL,14,,2,L2,96.4,14.33,4.04,09/07/2022,10:30,17/07/2022,09:45,191,M,0,NA,NA,NA,NA
R3,Large,13,09/07/2022,18DOL,14,,3,L3,107,14.29,4.59,09/07/2022,10:30,17/07/2022,09:45,191,M,0,NA,NA,NA,NA
R3,Large,13,09/07/2022,18DOL,14,,4,L4,100.7,13.72,4.3,09/07/2022,10:30,17/07/2022,09:45,191,M,0,NA,NA,NA,NA
R3,Large,13,09/07/2022,18DOL,14,,5,L5,108.8,14.4,4.69,09/07/2022,10:30,17/07/2022,09:45,191,M,0,NA,NA,NA,NA
R3,Large,13,09/07/2022,18DOL,14,,6,L6,112.7,14.11,4.55,09/07/2022,10:30,15/07/2022,09:40,143,M,0,NA,NA,NA,NA
R3,Large,13,10/07/2022,18DOL,14,,7,L7,101.3,14.3,4.49,10/07/2022,11:30,18/07/2022,08:20,188,M,0,NA,NA,NA,NA
R3,Large,13,10/07/2022,18DOL,14,,8,L8,121.4,14.26,4.9,10/07/2022,11:30,16/07/2022,08:30,141,M,0,NA,NA,NA,NA
R3,Large,13,10/07/2022,18DOL,14,,10,L10,121,14.42,4.79,10/07/2022,11:30,17/07/2022,09:45,166,M,0,NA,NA,NA,NA
R3,Large,13,10/07/2022,18DOL,14,,12,L12,107.7,14.99,4.45,10/07/2022,11:30,17/07/2022,09:45,166,M,0,NA,NA,NA,NA
R3,Large,13,10/07/2022,18DOL,14,,13,L13,112.2,15.07,4.44,10/07/2022,11:30,17/07/2022,09:45,166,M,0,NA,NA,NA,NA
R3,Large,13,10/07/2022,18DOL,14,,14,L14,108.4,13.92,4.46,10/07/2022,11:30,17/07/2022,09:45,166,M,0,NA,NA,NA,NA
R3,Large,13,10/07/2022,18DOL,14,,15,L15,107.1,14.57,4.41,10/07/2022,11:30,17/07/2022,09:45,166,M,0,NA,NA,NA,NA
R3,Large,13,10/07/2022,18DOL,14,,16,L16,101,14.41,4.43,10/07/2022,11:30,17/07/2022,09:45,166,M,0,NA,NA,NA,NA
R3,Large,13,10/07/2022,18DOL,14,,18,L18,112,14.91,4.86,10/07/2022,11:30,16/07/2022,14:45,147,M,0,NA,NA,NA,NA
R3,Large,13,10/07/2022,18DOL,14,,19,L19,100.6,14.1,4.23,10/07/2022,11:30,18/07/2022,08:20,188,M,0,NA,NA,NA,NA
R3,Large,13,10/07/2022,18DOL,14,,20,L20,99.9,14.15,4.33,10/07/2022,11:30,18/07/2022,08:20,188,M,0,NA,NA,NA,NA
R3,Large,13,10/07/2022,18DOL,14,,22,L22,105.6,13.85,4.55,10/07/2022,11:30,18/07/2022,08:20,188,M,0,NA,NA,NA,NA
R3,Large,13,10/07/2022,18DOL,14,,23,L23,111.4,14.86,4.55,10/07/2022,11:30,18/07/2022,08:20,188,M,0,NA,NA,NA,NA
R3,Large,13,10/07/2022,18DOL,14,,24,L24,101.8,15.1,4.35,10/07/2022,11:30,17/07/2022,09:45,166,M,0,NA,NA,NA,NA
R3,Large,13,10/07/2022,18DOL,14,,25,L25,101.4,14.17,4.44,10/07/2022,11:30,18/07/2022,08:20,188,M,0,NA,NA,NA,NA
R3,Large,13,10/07/2022,18DOL,14,,26,L26,103.3,14.04,4.37,10/07/2022,11:30,18/07/2022,08:20,188,M,0,NA,NA,NA,NA
R3,Large,13,10/07/2022,18DOL,14,,28,L28,108.8,14.43,4.57,10/07/2022,11:30,18/07/2022,08:20,188,M,0,NA,NA,NA,NA
R3,Large,13,10/07/2022,18DOL,14,,29,L29,113.5,15.15,4.36,10/07/2022,11:30,17/07/2022,09:45,166,M,0,NA,NA,NA,NA
R3,Large,13,10/07/2022,18DOL,14,,30,L30,99.8,14.17,4.38,10/07/2022,11:30,18/07/2022,08:20,188,M,0,NA,NA,NA,NA
R3,Large,13,10/07/2022,18DOL,14,,31,L31,106,14.1,4.69,10/07/2022,11:30,18/07/2022,08:20,188,M,0,NA,NA,NA,NA
R3,Large,13,10/07/2022,18DOL,14,,32,L32,108.5,14.32,4.75,10/07/2022,11:30,18/07/2022,08:20,188,M,0,NA,NA,NA,NA
R3,Large,13,10/07/2022,18DOL,14,,33,L33,111.3,14.36,4.43,10/07/2022,11:30,16/07/2022,08:30,141,M,0,NA,NA,NA,NA
R3,Large,13,10/07/2022,18DOL,14,,34,L34,116.2,15.28,4.67,10/07/2022,11:30,18/07/2022,08:20,188,M,0,NA,NA,NA,NA
R3,Large,13,10/07/2022,18DOL,14,,35,L35,108.5,14.5,4.27,10/07/2022,11:30,17/07/2022,09:45,166,M,0,NA,NA,NA,NA
R3,Large,13,10/07/2022,18DOL,14,,37,L37,98.5,14.45,4.3,10/07/2022,11:30,17/07/2022,09:45,166,M,0,NA,NA,NA,NA
R3,Large,13,10/07/2022,18DOL,14,,39,L39,103.2,14.24,4.1,10/07/2022,11:30,17/07/2022,09:45,166,M,0,NA,NA,NA,NA
R3,Large,13,10/07/2022,18DOL,14,,40,L40,100.3,14.37,4.34,10/07/2022,11:30,18/07/2022,08:20,188,M,0,NA,NA,NA,NA
R3,Large,13,10/07/2022,18DOL,14,,42,L42,111.7,14.61,4.68,10/07/2022,11:30,16/07/2022,08:30,141,M,0,NA,NA,NA,NA
R3,Large,13,10/07/2022,18DOL,14,,45,L45,111,15.12,4.33,10/07/2022,11:30,18/07/2022,08:20,188,M,0,NA,NA,NA,NA
R3,Large,13,10/07/2022,18DOL,14,,46,L46,90.9,14.01,4.37,10/07/2022,11:30,17/07/2022,09:45,166,M,0,NA,NA,NA,NA
R3,Large,13,10/07/2022,18DOL,14,,47,L47,114,15.14,4.31,10/07/2022,11:30,17/07/2022,09:45,166,M,0,NA,NA,NA,NA
R3,Large,13,10/07/2022,18DOL,14,,49,L49,114.8,15.24,4.43,10/07/2022,11:30,17/07/2022,09:45,166,M,0,NA,NA,NA,NA
R3,Large,13,10/07/2022,18DOL,14,,50,L50,106.8,14.76,4.26,10/07/2022,11:30,18/07/2022,08:20,188,M,0,NA,NA,NA,NA
R3,Large,13,10/07/2022,18DOL,14,,51,L51,99.6,13.97,4.49,10/07/2022,11:30,16/07/2022,08:30,141,M,0,NA,NA,NA,NA
R3,Large,13,10/07/2022,18DOL,14,,52,L52,104,14.1,4.63,10/07/2022,11:30,17/07/2022,09:45,166,M,0,NA,NA,NA,NA
R3,Large,13,10/07/2022,18DOL,14,,53,L53,110,NA,NA,10/07/2022,11:30,16/07/2022,08:30,141,M,0,NA,NA,NA,NA
R3,Large,13,11/07/2022,18DOL,14,,56,L56,134.3,15.56,4.87,11/07/2022,11:00,19/07/2022,08:10,189,M,0,NA,NA,NA,NA
R3,Large,13,11/07/2022,18DOL,14,,57,L57,107.6,15.13,4.34,11/07/2022,11:00,17/07/2022,09:45,142,M,0,NA,NA,NA,NA
R3,Large,13,11/07/2022,18DOL,14,,58,L58,102.6,15.08,4.75,11/07/2022,11:00,18/07/2022,08:20,165,M,0,NA,NA,NA,NA
R3,Large,13,11/07/2022,18DOL,14,,59,L59,119.1,14.48,4.73,11/07/2022,11:00,16/07/2022,08:30,166,M,0,NA,NA,NA,NA
R3,Large,13,11/07/2022,18DOL,14,,62,L62,103.7,14.38,4.03,11/07/2022,11:00,18/07/2022,10:10,167,M,0,NA,NA,NA,NA
R3,Large,13,11/07/2022,18DOL,14,,64,L64,115.7,14.27,4.66,11/07/2022,11:00,18/07/2022,08:20,165,M,0,NA,NA,NA,NA
R3,Large,13,11/07/2022,18DOL,14,,65,L65,115.1,14.77,4.71,11/07/2022,11:00,19/07/2022,08:10,189,M,0,NA,NA,NA,NA
R3,Large,13,11/07/2022,18DOL,14,,66,L66,140.5,14.95,4.86,11/07/2022,11:00,18/07/2022,08:20,165,M,0,NA,NA,NA,NA
R3,Large,13,11/07/2022,18DOL,14,,68,L68,117.1,15.1,4.46,11/07/2022,11:00,17/07/2022,09:45,142,M,0,NA,NA,NA,NA
R3,Large,13,11/07/2022,18DOL,14,,69,L69,104.1,14.61,4.29,11/07/2022,11:00,19/07/2022,08:10,189,M,0,NA,NA,NA,NA
R3,Large,13,11/07/2022,18DOL,14,,73,L73,132,14.04,4.4,11/07/2022,11:00,18/07/2022,08:20,165,M,0,NA,NA,NA,NA
R3,Large,13,11/07/2022,18DOL,14,,74,L74,97.3,14.14,4.55,11/07/2022,11:00,16/07/2022,08:30,142,M,0,NA,NA,NA,NA
R3,Large,13,11/07/2022,18DOL,14,,76,L76,107.8,13.53,4.23,11/07/2022,11:00,17/07/2022,09:45,142,M,0,NA,NA,NA,NA
R3,Large,13,11/07/2022,18DOL,14,,78,L78,104.4,14.69,4.32,11/07/2022,11:00,18/07/2022,08:20,165,M,0,NA,NA,NA,NA
R3,Large,13,11/07/2022,18DOL,14,,80,L80,128.5,14.61,4.46,11/07/2022,11:00,16/07/2022,08:30,142,M,0,NA,NA,NA,NA
R3,Large,13,11/07/2022,18DOL,14,,81,L81,97.3,14.96,4.66,11/07/2022,11:00,19/07/2022,08:10,189,M,0,NA,NA,NA,NA
R3,Large,13,11/07/2022,18DOL,14,,82,L82,111.3,14.86,5.07,11/07/2022,11:00,19/07/2022,08:10,189,M,0,NA,NA,NA,NA
R3,Large,13,11/07/2022,18DOL,14,,83,L83,134.3,14.75,4.45,11/07/2022,11:00,17/07/2022,09:45,142,M,0,NA,NA,NA,NA
R3,Large,13,11/07/2022,18DOL,14,,85,L85,122.1,14.94,4.88,11/07/2022,11:00,19/07/2022,08:10,189,M,0,NA,NA,NA,NA
R3,Large,13,11/07/2022,18DOL,14,,86,L86,121.3,15.11,4.43,11/07/2022,11:00,17/07/2022,09:45,142,M,0,NA,NA,NA,NA
R3,Large,13,11/07/2022,18DOL,14,,87,L87,106.2,14.31,4.34,11/07/2022,11:00,17/07/2022,09:45,142,M,0,NA,NA,NA,NA
R3,Large,13,11/07/2022,18DOL,14,,88,L88,99.3,14.28,4.05,11/07/2022,11:00,18/07/2022,08:20,165,M,0,NA,NA,NA,NA
R3,Large,13,11/07/2022,18DOL,14,,90,L90,102.9,15,4.74,11/07/2022,11:00,19/07/2022,08:10,189,M,0,NA,NA,NA,NA
R3,Large,13,11/07/2022,18DOL,14,,91,L91,114,15.65,5.2,11/07/2022,11:00,19/07/2022,08:10,189,M,0,NA,NA,NA,NA
R3,Large,13,11/07/2022,18DOL,14,,94,L94,116.4,15.24,4.69,11/07/2022,11:00,18/07/2022,08:20,165,M,0,NA,NA,NA,NA
R3,Large,13,11/07/2022,18DOL,14,,95,L95,117.1,13.67,4.41,11/07/2022,11:00,18/07/2022,08:20,165,M,0,NA,NA,NA,NA
R3,Large,13,11/07/2022,18DOL,14,,97,L97,134.4,14.57,4.67,11/07/2022,11:00,17/07/2022,09:45,142,M,0,NA,NA,NA,NA
R3,Large,13,11/07/2022,18DOL,14,,99,L99,98.7,14.67,4.41,11/07/2022,11:00,17/07/2022,09:45,142,M,0,NA,NA,NA,NA
R3,Large,13,11/07/2022,18DOL,14,,100,L100,107.3,15.11,4.68,11/07/2022,11:00,17/07/2022,09:45,142,M,0,NA,NA,NA,NA
